--
-- Script was generated by Devart dbForge Studio 2020 for MySQL, Version 9.0.505.0
-- Product home page: http://www.devart.com/dbforge/mysql/studio
-- Script date 15/08/2021 22:58:21
-- Server version: 10.4.18
-- Client version: 4.1
--

-- 
-- Disable foreign keys
-- 
/*!40014 SET @OLD_FOREIGN_KEY_CHECKS=@@FOREIGN_KEY_CHECKS, FOREIGN_KEY_CHECKS=0 */;

-- 
-- Set SQL mode
-- 
/*!40101 SET @OLD_SQL_MODE=@@SQL_MODE, SQL_MODE='NO_AUTO_VALUE_ON_ZERO' */;

-- 
-- Set character set the client will use to send SQL statements to the server
--
SET NAMES 'utf8';

--
-- Set default database
--
USE sis_invcon;

--
-- Drop table `bitacora`
--
DROP TABLE IF EXISTS bitacora;

--
-- Drop table `dfallatir`
--
DROP TABLE IF EXISTS dfallatir;

--
-- Drop table `medida_contenedores`
--
DROP TABLE IF EXISTS medida_contenedores;

--
-- Drop table `tamaniochasis`
--
DROP TABLE IF EXISTS tamaniochasis;

--
-- Drop table `usuarios_activos`
--
DROP TABLE IF EXISTS usuarios_activos;

--
-- Drop table `vacios_flota`
--
DROP TABLE IF EXISTS vacios_flota;

--
-- Drop procedure `actualizar_monitoreo`
--
DROP PROCEDURE IF EXISTS actualizar_monitoreo;

--
-- Drop procedure `insertar_monitoreo`
--
DROP PROCEDURE IF EXISTS insertar_monitoreo;

--
-- Drop procedure `listar_Monitoreo`
--
DROP PROCEDURE IF EXISTS listar_Monitoreo;

--
-- Drop procedure `mostrar_datos_monitoreo`
--
DROP PROCEDURE IF EXISTS mostrar_datos_monitoreo;

--
-- Drop table `monitoreo`
--
DROP TABLE IF EXISTS monitoreo;

--
-- Drop procedure `actualizar_movinternoc`
--
DROP PROCEDURE IF EXISTS actualizar_movinternoc;

--
-- Drop procedure `inserta_movinternoc`
--
DROP PROCEDURE IF EXISTS inserta_movinternoc;

--
-- Drop procedure `listar_movinterno`
--
DROP PROCEDURE IF EXISTS listar_movinterno;

--
-- Drop table `movimientosc`
--
DROP TABLE IF EXISTS movimientosc;

--
-- Drop procedure `actualizar_fallastir`
--
DROP PROCEDURE IF EXISTS actualizar_fallastir;

--
-- Drop procedure `Cierre_Tir`
--
DROP PROCEDURE IF EXISTS Cierre_Tir;

--
-- Drop procedure `insert_fallastir`
--
DROP PROCEDURE IF EXISTS insert_fallastir;

--
-- Drop table `fallas_tir`
--
DROP TABLE IF EXISTS fallas_tir;

--
-- Drop procedure `actualizar_tir`
--
DROP PROCEDURE IF EXISTS actualizar_tir;

--
-- Drop procedure `insert_tir`
--
DROP PROCEDURE IF EXISTS insert_tir;

--
-- Drop procedure `mostrar_datos_tir`
--
DROP PROCEDURE IF EXISTS mostrar_datos_tir;

--
-- Drop procedure `mostrar_datostir`
--
DROP PROCEDURE IF EXISTS mostrar_datostir;

--
-- Drop procedure `reportes_tirs`
--
DROP PROCEDURE IF EXISTS reportes_tirs;

--
-- Drop table `datostir`
--
DROP TABLE IF EXISTS datostir;

--
-- Drop table `tipocontenedor`
--
DROP TABLE IF EXISTS tipocontenedor;

--
-- Drop table `usuario_permiso`
--
DROP TABLE IF EXISTS usuario_permiso;

--
-- Drop table `permiso`
--
DROP TABLE IF EXISTS permiso;

--
-- Drop procedure `actualizar_asign`
--
DROP PROCEDURE IF EXISTS actualizar_asign;

--
-- Drop procedure `actualizar_asignaciones`
--
DROP PROCEDURE IF EXISTS actualizar_asignaciones;

--
-- Drop procedure `insertar_asign`
--
DROP PROCEDURE IF EXISTS insertar_asign;

--
-- Drop procedure `listar_asignaciones`
--
DROP PROCEDURE IF EXISTS listar_asignaciones;

--
-- Drop procedure `mostrar_asignacion`
--
DROP PROCEDURE IF EXISTS mostrar_asignacion;

--
-- Drop table `asignaciones`
--
DROP TABLE IF EXISTS asignaciones;

--
-- Drop procedure `actualizar_conexion`
--
DROP PROCEDURE IF EXISTS actualizar_conexion;

--
-- Drop procedure `datosconexion`
--
DROP PROCEDURE IF EXISTS datosconexion;

--
-- Drop procedure `insertar_cone`
--
DROP PROCEDURE IF EXISTS insertar_cone;

--
-- Drop procedure `insertar_conexion`
--
DROP PROCEDURE IF EXISTS insertar_conexion;

--
-- Drop procedure `mostrar_conexiones`
--
DROP PROCEDURE IF EXISTS mostrar_conexiones;

--
-- Drop procedure `mostrar_dato_conexion`
--
DROP PROCEDURE IF EXISTS mostrar_dato_conexion;

--
-- Drop procedure `mostrar_desconexion`
--
DROP PROCEDURE IF EXISTS mostrar_desconexion;

--
-- Drop table `conexion`
--
DROP TABLE IF EXISTS conexion;

--
-- Drop procedure `actualizar_movinterno`
--
DROP PROCEDURE IF EXISTS actualizar_movinterno;

--
-- Drop procedure `actualizar_Posicion_con`
--
DROP PROCEDURE IF EXISTS actualizar_Posicion_con;

--
-- Drop procedure `insertar_movinterno`
--
DROP PROCEDURE IF EXISTS insertar_movinterno;

--
-- Drop procedure `insertar_posicion_con`
--
DROP PROCEDURE IF EXISTS insertar_posicion_con;

--
-- Drop procedure `mostrar_cont_pos`
--
DROP PROCEDURE IF EXISTS mostrar_cont_pos;

--
-- Drop table `contenedor_posicion_patio`
--
DROP TABLE IF EXISTS contenedor_posicion_patio;

--
-- Drop procedure `actualizar_desconexion`
--
DROP PROCEDURE IF EXISTS actualizar_desconexion;

--
-- Drop procedure `Insertar_desconexion`
--
DROP PROCEDURE IF EXISTS Insertar_desconexion;

--
-- Drop table `desconexion`
--
DROP TABLE IF EXISTS desconexion;

--
-- Drop table `envios`
--
DROP TABLE IF EXISTS envios;

--
-- Drop procedure `actualizar_expo`
--
DROP PROCEDURE IF EXISTS actualizar_expo;

--
-- Drop procedure `inserta_expo`
--
DROP PROCEDURE IF EXISTS inserta_expo;

--
-- Drop procedure `mostrar_exportacion`
--
DROP PROCEDURE IF EXISTS mostrar_exportacion;

--
-- Drop table `exportacion`
--
DROP TABLE IF EXISTS exportacion;

--
-- Drop procedure `actualizar_ingreso_old`
--
DROP PROCEDURE IF EXISTS actualizar_ingreso_old;

--
-- Drop procedure `actualizar_ingresom`
--
DROP PROCEDURE IF EXISTS actualizar_ingresom;

--
-- Drop procedure `datosingreso`
--
DROP PROCEDURE IF EXISTS datosingreso;

--
-- Drop procedure `datosingreso_asig`
--
DROP PROCEDURE IF EXISTS datosingreso_asig;

--
-- Drop procedure `datosingreso_c`
--
DROP PROCEDURE IF EXISTS datosingreso_c;

--
-- Drop procedure `datosingreso_datostir`
--
DROP PROCEDURE IF EXISTS datosingreso_datostir;

--
-- Drop procedure `datosingreso_exp`
--
DROP PROCEDURE IF EXISTS datosingreso_exp;

--
-- Drop procedure `listardatosm`
--
DROP PROCEDURE IF EXISTS listardatosm;

--
-- Drop procedure `mostrar_datosm`
--
DROP PROCEDURE IF EXISTS mostrar_datosm;

--
-- Drop table `ingreso_maestro`
--
DROP TABLE IF EXISTS ingreso_maestro;

--
-- Drop table `vacios_despachos`
--
DROP TABLE IF EXISTS vacios_despachos;

--
-- Drop table `flota_transporte`
--
DROP TABLE IF EXISTS flota_transporte;

--
-- Drop table `movimientos`
--
DROP TABLE IF EXISTS movimientos;

--
-- Drop table `vacios_ingresos`
--
DROP TABLE IF EXISTS vacios_ingresos;

--
-- Drop table `usuarios`
--
DROP TABLE IF EXISTS usuarios;

--
-- Drop table `rol`
--
DROP TABLE IF EXISTS rol;

--
-- Drop table `altura_predio`
--
DROP TABLE IF EXISTS altura_predio;

--
-- Drop table `fila`
--
DROP TABLE IF EXISTS fila;

--
-- Drop table `bloque`
--
DROP TABLE IF EXISTS bloque;

--
-- Drop table `areas_patio`
--
DROP TABLE IF EXISTS areas_patio;

--
-- Drop table `patios`
--
DROP TABLE IF EXISTS patios;

--
-- Set default database
--
USE sis_invcon;

--
-- Create table `patios`
--
CREATE TABLE patios (
  id_patio INT(11) NOT NULL AUTO_INCREMENT,
  patio_desc VARCHAR(20) DEFAULT NULL,
  PRIMARY KEY (id_patio)
)
ENGINE = INNODB,
AUTO_INCREMENT = 5,
AVG_ROW_LENGTH = 5461,
CHARACTER SET utf8mb4,
COLLATE utf8mb4_general_ci;

--
-- Create table `areas_patio`
--
CREATE TABLE areas_patio (
  id_area INT(11) NOT NULL AUTO_INCREMENT,
  area CHAR(5) DEFAULT NULL,
  id_patio INT(11) DEFAULT NULL,
  PRIMARY KEY (id_area)
)
ENGINE = INNODB,
AUTO_INCREMENT = 12,
AVG_ROW_LENGTH = 8192,
CHARACTER SET utf8mb4,
COLLATE utf8mb4_general_ci;

--
-- Create foreign key
--
ALTER TABLE areas_patio 
  ADD CONSTRAINT areas_patio_FK FOREIGN KEY (id_patio)
    REFERENCES patios(id_patio);

--
-- Create table `bloque`
--
CREATE TABLE bloque (
  id_bloque INT(11) NOT NULL AUTO_INCREMENT,
  Descripcion CHAR(20) DEFAULT NULL,
  id_area INT(11) DEFAULT NULL,
  estado VARCHAR(10) DEFAULT NULL,
  PRIMARY KEY (id_bloque)
)
ENGINE = INNODB,
AUTO_INCREMENT = 122,
AVG_ROW_LENGTH = 4096,
CHARACTER SET utf8mb4,
COLLATE utf8mb4_general_ci;

--
-- Create foreign key
--
ALTER TABLE bloque 
  ADD CONSTRAINT bloque_FK FOREIGN KEY (id_area)
    REFERENCES areas_patio(id_area);

--
-- Create table `fila`
--
CREATE TABLE fila (
  idfila INT(11) NOT NULL AUTO_INCREMENT,
  fila INT(11) DEFAULT NULL,
  idbloque INT(11) DEFAULT NULL,
  PRIMARY KEY (idfila)
)
ENGINE = INNODB,
AUTO_INCREMENT = 913,
AVG_ROW_LENGTH = 2730,
CHARACTER SET utf8mb4,
COLLATE utf8mb4_general_ci;

--
-- Create foreign key
--
ALTER TABLE fila 
  ADD CONSTRAINT fila_FK FOREIGN KEY (idbloque)
    REFERENCES bloque(id_bloque);

--
-- Create table `altura_predio`
--
CREATE TABLE altura_predio (
  id_altura INT(11) NOT NULL AUTO_INCREMENT,
  altura INT(11) DEFAULT NULL,
  id_fila INT(11) DEFAULT NULL,
  estado VARCHAR(15) DEFAULT NULL,
  id_ingresoc INT(11) DEFAULT NULL,
  PRIMARY KEY (id_altura)
)
ENGINE = INNODB,
AUTO_INCREMENT = 4516,
AVG_ROW_LENGTH = 2730,
CHARACTER SET utf8mb4,
COLLATE utf8mb4_general_ci;

--
-- Create foreign key
--
ALTER TABLE altura_predio 
  ADD CONSTRAINT altura_predio_FK FOREIGN KEY (id_fila)
    REFERENCES fila(idfila);

--
-- Create table `rol`
--
CREATE TABLE rol (
  id_rol INT(11) NOT NULL AUTO_INCREMENT,
  descripcion CHAR(20) DEFAULT NULL,
  PRIMARY KEY (id_rol)
)
ENGINE = INNODB,
AUTO_INCREMENT = 4,
AVG_ROW_LENGTH = 8192,
CHARACTER SET utf8mb4,
COLLATE utf8mb4_general_ci;

--
-- Create table `usuarios`
--
CREATE TABLE usuarios (
  id_usuario INT(11) NOT NULL AUTO_INCREMENT,
  nombre_usuario CHAR(20) DEFAULT NULL,
  usuario CHAR(20) DEFAULT NULL,
  clave VARCHAR(250) DEFAULT NULL,
  condicion INT(11) DEFAULT NULL,
  id_rol INT(11) DEFAULT NULL,
  imagen VARCHAR(50) DEFAULT NULL,
  email VARCHAR(75) DEFAULT NULL,
  departamento VARCHAR(50) DEFAULT NULL,
  empresa VARCHAR(75) DEFAULT NULL,
  PRIMARY KEY (id_usuario)
)
ENGINE = INNODB,
AUTO_INCREMENT = 4,
AVG_ROW_LENGTH = 8192,
CHARACTER SET utf8mb4,
COLLATE utf8mb4_general_ci;

--
-- Create foreign key
--
ALTER TABLE usuarios 
  ADD CONSTRAINT usuario_rol FOREIGN KEY (id_rol)
    REFERENCES rol(id_rol);

--
-- Create table `vacios_ingresos`
--
CREATE TABLE vacios_ingresos (
  Id INT(11) NOT NULL AUTO_INCREMENT,
  Fecha_Ingreso DATE DEFAULT NULL,
  Hora_De_Ingreso DATETIME DEFAULT NULL,
  SZ CHAR(20) DEFAULT NULL,
  Dry_Reefer CHAR(20) DEFAULT NULL,
  Clasificacion CHAR(20) DEFAULT NULL,
  Contenido CHAR(20) DEFAULT NULL,
  Procedencia CHAR(20) DEFAULT NULL,
  TIR CHAR(20) DEFAULT NULL,
  HR_TIR CHAR(20) DEFAULT NULL,
  Transporte CHAR(20) DEFAULT NULL,
  Ubicacion CHAR(20) DEFAULT NULL,
  Estatus CHAR(20) DEFAULT NULL,
  Predio_From CHAR(20) DEFAULT NULL,
  Fecha DATE DEFAULT NULL,
  Sello_Export CHAR(20) DEFAULT NULL,
  Sello_Alopsa CHAR(20) DEFAULT NULL,
  Buque CHAR(20) DEFAULT NULL,
  ETA CHAR(20) DEFAULT NULL,
  Booking CHAR(20) DEFAULT NULL,
  Cliente CHAR(20) DEFAULT NULL,
  Producto CHAR(20) DEFAULT NULL,
  No_De_ATC CHAR(20) DEFAULT NULL,
  Peso_Tara CHAR(20) DEFAULT NULL,
  Fecha_Emision CHAR(20) DEFAULT NULL,
  Fecha_Vencimiento CHAR(20) DEFAULT NULL,
  Fecha_Actual CHAR(20) DEFAULT NULL,
  Dias_Estadia CHAR(20) DEFAULT NULL,
  Problemas_ATC CHAR(20) DEFAULT NULL,
  Forecast CHAR(20) DEFAULT NULL,
  Chatarra CHAR(20) DEFAULT NULL,
  Daños CHAR(20) DEFAULT NULL,
  Año_De_Fabricacion DATE DEFAULT NULL,
  id_usuario INT(11) NOT NULL,
  PRIMARY KEY (Id, id_usuario)
)
ENGINE = INNODB,
CHARACTER SET utf8mb4,
COLLATE utf8mb4_general_ci;

--
-- Create foreign key
--
ALTER TABLE vacios_ingresos 
  ADD CONSTRAINT usuario_vacio_ingreso FOREIGN KEY (id_usuario)
    REFERENCES usuarios(id_usuario);

--
-- Create table `movimientos`
--
CREATE TABLE movimientos (
  Id_Movimientos INT(11) NOT NULL AUTO_INCREMENT,
  Semana CHAR(20) DEFAULT NULL,
  anio INT(11) DEFAULT NULL,
  Hora_Ingreso CHAR(10) DEFAULT NULL,
  Medida CHAR(20) DEFAULT NULL,
  Contenedor CHAR(20) DEFAULT NULL,
  Cliente CHAR(20) DEFAULT NULL,
  Actividad CHAR(20) DEFAULT NULL,
  Motivo CHAR(20) NOT NULL DEFAULT '',
  Fecha_Movimiento DATE DEFAULT NULL,
  Patio INT(11) DEFAULT NULL,
  area CHAR(20) DEFAULT NULL,
  banterior CHAR(20) DEFAULT NULL,
  bnuevo CHAR(20) DEFAULT NULL,
  opciont VARCHAR(25) DEFAULT NULL,
  id_usuario INT(11) NOT NULL,
  estado VARCHAR(10) DEFAULT NULL,
  PRIMARY KEY (Id_Movimientos, id_usuario)
)
ENGINE = INNODB,
CHARACTER SET utf8mb4,
COLLATE utf8mb4_general_ci;

--
-- Create foreign key
--
ALTER TABLE movimientos 
  ADD CONSTRAINT mov_usuario FOREIGN KEY (id_usuario)
    REFERENCES usuarios(id_usuario);

--
-- Create table `flota_transporte`
--
CREATE TABLE flota_transporte (
  Id_f INT(11) NOT NULL AUTO_INCREMENT,
  Cabezal CHAR(20) DEFAULT NULL,
  Nombre_de_Piloto CHAR(20) DEFAULT NULL,
  Licencias CHAR(20) DEFAULT NULL,
  Placas CHAR(20) DEFAULT NULL,
  Codigo_Piloto_Naviera CHAR(20) DEFAULT NULL,
  Naviera CHAR(20) DEFAULT NULL,
  Creadopor CHAR(20) DEFAULT NULL,
  Estado INT(11) DEFAULT NULL,
  Fechacreacion DATE DEFAULT NULL,
  Transporte VARCHAR(20) DEFAULT NULL,
  Ubicacion CHAR(20) DEFAULT NULL,
  PRIMARY KEY (Id_f)
)
ENGINE = INNODB,
AUTO_INCREMENT = 7,
AVG_ROW_LENGTH = 4096,
CHARACTER SET utf8mb4,
COLLATE utf8mb4_general_ci;

--
-- Create table `vacios_despachos`
--
CREATE TABLE vacios_despachos (
  Id_vd INT(11) NOT NULL AUTO_INCREMENT,
  Fecha_Despacho CHAR(20) DEFAULT NULL,
  Hora_De_Despacho CHAR(20) DEFAULT NULL,
  Marchamo CHAR(20) DEFAULT NULL,
  Digitador CHAR(20) DEFAULT NULL,
  Id_f INT(11) NOT NULL,
  Id INT(11) NOT NULL,
  id_usuario INT(11) NOT NULL,
  PRIMARY KEY (Id_vd)
)
ENGINE = INNODB,
CHARACTER SET utf8mb4,
COLLATE utf8mb4_general_ci;

--
-- Create foreign key
--
ALTER TABLE vacios_despachos 
  ADD CONSTRAINT flota_vacio_d FOREIGN KEY (Id_f)
    REFERENCES flota_transporte(Id_f);

--
-- Create foreign key
--
ALTER TABLE vacios_despachos 
  ADD CONSTRAINT vacios_ingreso_despacho_v FOREIGN KEY (Id, id_usuario)
    REFERENCES vacios_ingresos(Id, id_usuario);

--
-- Create table `ingreso_maestro`
--
CREATE TABLE ingreso_maestro (
  Id_Ingreso INT(11) NOT NULL AUTO_INCREMENT,
  Fecha_ingreso DATE DEFAULT NULL,
  Hora_ingreso CHAR(20) DEFAULT NULL,
  No_Contenedor CHAR(20) DEFAULT NULL,
  Barco VARCHAR(50) DEFAULT NULL,
  Tipo_Contenido CHAR(20) DEFAULT NULL,
  Descripcion_contenido VARCHAR(50) DEFAULT NULL,
  Detalle_Servicio VARCHAR(20) DEFAULT NULL,
  Marchamo CHAR(20) DEFAULT NULL,
  Hora_TIR CHAR(10) DEFAULT NULL,
  Serie_TIR CHAR(5) DEFAULT NULL,
  producto VARCHAR(30) DEFAULT NULL,
  Ord INT(11) DEFAULT NULL,
  Bloque CHAR(20) DEFAULT NULL,
  Posicion INT(11) DEFAULT NULL,
  Observaciones CHAR(20) DEFAULT NULL,
  Destino CHAR(20) DEFAULT NULL,
  Fecha_Asignacion DATE DEFAULT NULL,
  tara DECIMAL(10, 2) DEFAULT NULL,
  Estado CHAR(20) DEFAULT NULL,
  Id_f INT(11) NOT NULL,
  id_usuario INT(11) NOT NULL,
  PRIMARY KEY (Id_Ingreso, Id_f, id_usuario),
  UNIQUE INDEX UK_ingreso_maestro(Id_Ingreso, id_usuario)
)
ENGINE = INNODB,
AUTO_INCREMENT = 9,
AVG_ROW_LENGTH = 3276,
CHARACTER SET utf8mb4,
COLLATE utf8mb4_general_ci;

--
-- Create foreign key
--
ALTER TABLE ingreso_maestro 
  ADD CONSTRAINT flota_ingreso_m FOREIGN KEY (Id_f)
    REFERENCES flota_transporte(Id_f);

--
-- Create foreign key
--
ALTER TABLE ingreso_maestro 
  ADD CONSTRAINT usuario_maestro FOREIGN KEY (id_usuario)
    REFERENCES usuarios(id_usuario);

DELIMITER $$

--
-- Create procedure `mostrar_datosm`
--
CREATE 
DEFINER = 'root'@'localhost'
PROCEDURE mostrar_datosm()
BEGIN
SELECT
  a.Id_Ingreso,
  b.Nombre_de_Piloto,
  b.Placas,
  a.No_Contenedor,
  a.Marchamo,
  a.producto,
  a.Barco,
  a.Destino,
  a.Estado,
  a.Bloque idb,
  a.Posicion idp,
  a.Id_f,
  a.tara,
  a.Descripcion_contenido
FROM ingreso_maestro a
  INNER JOIN flota_transporte b
    ON a.Id_f = b.Id_f

WHERE b.Estado = 1
AND a.Estado IN ('Ingresado', 'Anulado', 'Asignado');
END
$$

--
-- Create procedure `listardatosm`
--
CREATE 
DEFINER = 'root'@'localhost'
PROCEDURE listardatosm()
BEGIN
SELECT
  a.Id_Ingreso,
  b.Nombre_de_Piloto,
  b.Placas,
  a.No_Contenedor,
  a.Marchamo,
  a.producto,
  a.Barco,
  a.Destino,
  a.Estado,
  a.Bloque idb,
  a.Posicion idp,
  a.Id_f,
  a.tara,
  a.Descripcion_contenido
FROM ingreso_maestro a
  INNER JOIN flota_transporte b
    ON a.Id_f = b.Id_f

WHERE b.Estado = 1
AND a.Estado IN ('Ingresado', 'Anulado');
END
$$

--
-- Create procedure `datosingreso_exp`
--
CREATE 
DEFINER = 'root'@'localhost'
PROCEDURE datosingreso_exp(in idingreso int)
begin
SELECT
  a.Id_Ingreso,
  a.tara,
  b.Nombre_de_Piloto,
  b.Licencias,
  b.Placas,
  b.Codigo_Piloto_Naviera,
  a.No_Contenedor,
  b.Transporte,
  a.Destino,
  a.Id_f,
  a.Barco
FROM ingreso_maestro a
  INNER JOIN flota_transporte b
    ON b.Id_f = a.Id_f
WHERE a.Estado IN ('Ingresado', 'Asignado', 'Exportado')
AND a.Id_Ingreso = idingreso;
END
$$

--
-- Create procedure `datosingreso_datostir`
--
CREATE 
DEFINER = 'root'@'localhost'
PROCEDURE datosingreso_datostir(in idingreso int)
begin
SELECT
  a.Id_Ingreso,
  a.tara,
  b.Nombre_de_Piloto,
  b.Licencias,
  b.Placas,
  b.Codigo_Piloto_Naviera,
  a.No_Contenedor,
  b.Transporte,
  a.Destino,
  a.Id_f
FROM ingreso_maestro a
  INNER JOIN flota_transporte b
    ON b.Id_f = a.Id_f
WHERE a.Estado IN ('Ingresado', 'Exportado', 'Asignado')
AND a.Id_Ingreso = idingreso;
END
$$

--
-- Create procedure `datosingreso_c`
--
CREATE 
DEFINER = 'root'@'localhost'
PROCEDURE datosingreso_c(in idingreso int)
BEGIN
SELECT
  a.Id_Ingreso,
  a.tara,
  b.Nombre_de_Piloto,
  b.Licencias,
  b.Placas,
  b.Codigo_Piloto_Naviera,
  a.No_Contenedor,
  b.Transporte,
  a.Destino,
  a.Id_f
FROM ingreso_maestro a
  INNER JOIN flota_transporte b
    ON b.Id_f = a.Id_f
WHERE a.Estado IN ('Ingresado', 'Asignado')
AND a.Id_Ingreso = idingreso;
END
$$

--
-- Create procedure `datosingreso_asig`
--
CREATE 
DEFINER = 'root'@'localhost'
PROCEDURE datosingreso_asig(in idingreso int)
BEGIN
SELECT
  a.Id_Ingreso,
  a.ord,
  b.Nombre_de_Piloto,
  b.Licencias,
  b.Placas,
  b.Codigo_Piloto_Naviera,
  a.No_Contenedor,
  a.Bloque,
  a.Posicion,
  a.producto,
  a.Barco,
  c.Descripcion,
  d.noposicion,
  a.Id_f
FROM ingreso_maestro a
  INNER JOIN flota_transporte b
    ON b.Id_f = a.Id_f
  INNER JOIN bloque c
    ON a.Bloque = c.id_bloque
  INNER JOIN posicion d
    ON a.Posicion = d.idposicion
WHERE a.Estado = 'Ingresado'
AND a.Id_Ingreso = idingreso;
END
$$

--
-- Create procedure `datosingreso`
--
CREATE 
DEFINER = 'root'@'localhost'
PROCEDURE datosingreso(in idingreso int)
BEGIN
SELECT
  a.Id_Ingreso,
  a.tara,
  b.Nombre_de_Piloto,
  b.Licencias,
  b.Placas,
  b.Codigo_Piloto_Naviera,
  a.No_Contenedor,
  b.Transporte,
  a.Destino,
  a.Id_f,
  a.Barco
FROM ingreso_maestro a
  INNER JOIN flota_transporte b
    ON b.Id_f = a.Id_f
WHERE a.Estado IN ('Ingresado', 'Asignado')
AND a.Id_Ingreso = idingreso;
END
$$

--
-- Create procedure `actualizar_ingresom`
--
CREATE 
DEFINER = 'root'@'localhost'
PROCEDURE actualizar_ingresom(IN `idingreso` INT, IN `fechaingreso` DATE,
IN `horaingreso` CHAR(20), IN `nocontenedor` CHAR(20), IN `barco` VARCHAR(50), IN `tipocontenido` CHAR(20),
IN `dcontenido` VARCHAR(20), IN `dservicio` VARCHAR(50), IN `destino` CHAR(20),IN `observaciones` VARCHAR(200),
IN `idf` INT, IN `idusuario` INT,in tara decimal(18,2))
BEGIN
 start transaction;
UPDATE ingreso_maestro
SET Fecha_ingreso = fechaingreso,
    Hora_ingreso = horaingreso,
    No_Contenedor = nocontenedor,
    Barco = barco,
    Tipo_Contenido = tipocontenido,
    Descripcion_contenido = dcontenido,
    Detalle_Servicio = dservicio,
    Observaciones = observaciones,
    Destino = destino,
    Estado = 'Ingresado',
    Id_f = idf,
    id_usuario = idusuario,
    tara = tara
WHERE Id_Ingreso = idingreso;
   
  if (@@error_count=0) then
	commit;
	else
	rollback;
end if;
commit;
 

  END
$$

--
-- Create procedure `actualizar_ingreso_old`
--
CREATE 
DEFINER = 'root'@'localhost'
PROCEDURE actualizar_ingreso_old(IN `idingreso` INT, IN `fechaingreso` DATE, IN `horaingreso` CHAR(20), IN `nocontenedor` CHAR(20), IN `barco` VARCHAR(50), IN `tipocontenido` CHAR(20), IN `dcontenido` VARCHAR(20), IN `dservicio` VARCHAR(50), IN `marchamo` CHAR(20), IN `htir` CHAR(10), IN `serietir` CHAR(5), IN `producto` VARCHAR(30), IN `orden` INT, IN `bloque` CHAR(20), IN `posicion` INT, IN `destino` CHAR(20), IN `fechaasignacion` DATE, IN `observaciones` VARCHAR(200), IN `idf` INT, IN `idusuario` INT)
BEGIN
  DECLARE posiciona int;
  DECLARE bloquea char(20);

SELECT
  Bloque,
  Posicion INTO bloquea, posiciona
FROM ingreso_maestro
WHERE Id_Ingreso = idingreso;
UPDATE posicion
SET id_ingreso = 0,
    estado = 'Sin Asignar'
WHERE id_ingreso = idingreso;

UPDATE ingreso_maestro
SET Fecha_ingreso = fechaingreso,
    Hora_ingreso = horaingreso,
    No_Contenedor = nocontenedor,
    Barco = barco,
    Tipo_Contenido = tipocontenido,
    Descripcion_contenido = dcontenido,
    Detalle_Servicio = dservicio,
    Marchamo = marchamo,
    Hora_TIR = htir,
    Serie_TIR = serietir,
    producto = producto,
    Ord = orden,
    Bloque = bloque,
    Posicion = posicion,
    Observaciones = observaciones,
    Destino = destino,
    Fecha_Asignacion = fechaasignacion,
    Estado = 'Ingresado',
    Id_f = idf,
    id_usuario = idusuario
WHERE Id_Ingreso = idingreso;

UPDATE posicion
SET id_ingreso = idingreso,
    estado = 'Asignado'
WHERE idPosicion = posicion
AND idbloque = bloque;

END
$$

DELIMITER ;

--
-- Create table `exportacion`
--
CREATE TABLE exportacion (
  Id_e INT(11) NOT NULL AUTO_INCREMENT,
  Fecha_salida DATE DEFAULT NULL,
  Hora_Salida TIME DEFAULT NULL,
  fecha_asignacion DATE DEFAULT NULL,
  id INT(11) NOT NULL,
  Id_f INT(11) NOT NULL,
  id_usuario INT(11) NOT NULL,
  estado VARCHAR(10) DEFAULT NULL,
  nopiloto VARCHAR(70) DEFAULT NULL,
  licenciapiloto VARCHAR(30) DEFAULT NULL,
  PRIMARY KEY (Id_e, id, Id_f, id_usuario)
)
ENGINE = INNODB,
CHARACTER SET utf8mb4,
COLLATE utf8mb4_general_ci;

--
-- Create foreign key
--
ALTER TABLE exportacion 
  ADD CONSTRAINT ingreso_m_export FOREIGN KEY (id, Id_f, id_usuario)
    REFERENCES ingreso_maestro(Id_Ingreso, Id_f, id_usuario);

DELIMITER $$

--
-- Create procedure `mostrar_exportacion`
--
CREATE 
DEFINER = 'root'@'localhost'
PROCEDURE mostrar_exportacion()
begin
SELECT
  e.Fecha_salida,
  e.Hora_Salida,
  e.fecha_asignacion,
  im.No_Contenedor,
  ft.Nombre_de_Piloto,
  ft.Licencias,
  im.Barco,
  e.estado,
  im.Estado Estado_c,
  im.Id_Ingreso,
  e.Id_e
FROM sis_invcon.exportacion e
  INNER JOIN sis_invcon.ingreso_maestro im
    ON e.id = im.Id_Ingreso
  INNER JOIN sis_invcon.flota_transporte ft
    ON ft.Id_f = im.Id_f;
END
$$

--
-- Create procedure `inserta_expo`
--
CREATE 
DEFINER = 'root'@'localhost'
PROCEDURE inserta_expo(in fechaexpo date, in hora time,
in fecha_asig date,in id_ingreso int,in idflota int, in user_id int,in nombre_piloto varchar(70),in licencia varchar(30))
begin
	start transaction;

INSERT INTO sis_invcon.exportacion (Fecha_salida, Hora_Salida, fecha_asignacion,
id, Id_f, id_usuario, nopiloto, licenciapiloto, estado)
  VALUES (fechaexpo, hora, fecha_asig, id_ingreso, idflota, user_id, nombre_piloto, licencia, 'Activo');

if (@@error_count=0) then
	commit;
	else
	rollback;
end if;
commit;
end
$$

--
-- Create procedure `actualizar_expo`
--
CREATE 
DEFINER = 'root'@'localhost'
PROCEDURE actualizar_expo(in idexpo int,in fechaexpo date, in hora time,
in fecha_asig date,in id_ingreso int,in idflota int,in nompiloto varchar(70),in licenciap varchar(30))
begin
	start transaction;

UPDATE sis_invcon.exportacion
SET Fecha_salida = fechaexpo,
    Hora_Salida = hora,
    fecha_asignacion = fecha_asig,
    id = id_ingreso,
    Id_f = idflota,
    nopiloto = nompiloto,
    licenciapiloto = licenciap
WHERE Id_e = idexpo;


if (@@error_count=0) then
	commit;
	else
	rollback;
end if;
commit;
END
$$

DELIMITER ;

--
-- Create table `envios`
--
CREATE TABLE envios (
  Id_en INT(11) NOT NULL AUTO_INCREMENT,
  No_Envio INT(11) DEFAULT NULL,
  Fecha_Envio DATE DEFAULT NULL,
  id INT(11) NOT NULL,
  Id_f INT(11) NOT NULL,
  id_usuario INT(11) NOT NULL,
  PRIMARY KEY (Id_en, id, Id_f, id_usuario)
)
ENGINE = INNODB,
CHARACTER SET utf8mb4,
COLLATE utf8mb4_general_ci;

--
-- Create foreign key
--
ALTER TABLE envios 
  ADD CONSTRAINT ingreso_m_envio FOREIGN KEY (id, Id_f, id_usuario)
    REFERENCES ingreso_maestro(Id_Ingreso, Id_f, id_usuario);

--
-- Create table `desconexion`
--
CREATE TABLE desconexion (
  Id_d INT(11) NOT NULL AUTO_INCREMENT,
  Fecha_De_Desconexion DATE DEFAULT NULL,
  Hora_De_Desconexio CHAR(10) DEFAULT NULL,
  totalhoras CHAR(20) DEFAULT NULL,
  observaciones VARCHAR(75) DEFAULT NULL,
  id INT(11) NOT NULL,
  Id_f INT(11) NOT NULL,
  id_usuario INT(11) NOT NULL,
  estado CHAR(10) DEFAULT NULL,
  idconexion INT(11) DEFAULT NULL,
  nombre_mecanico VARCHAR(100) DEFAULT NULL,
  PRIMARY KEY (Id_d, id, Id_f, id_usuario)
)
ENGINE = INNODB,
CHARACTER SET utf8mb4,
COLLATE utf8mb4_general_ci;

--
-- Create foreign key
--
ALTER TABLE desconexion 
  ADD CONSTRAINT ingreso_m_desconexion FOREIGN KEY (id, Id_f, id_usuario)
    REFERENCES ingreso_maestro(Id_Ingreso, Id_f, id_usuario);

DELIMITER $$

--
-- Create procedure `Insertar_desconexion`
--
CREATE 
DEFINER = 'root'@'localhost'
PROCEDURE Insertar_desconexion(in fechadesco char(10),
  in horadesco char(10), in totalhoras char(10), in observaciones varchar(70),
  in idf int,in idingre int,in idusuario int,in idconexion int,in nombremecanico varchar(100))
BEGIN
  	start transaction;
INSERT INTO desconexion (Fecha_De_Desconexion, Hora_De_Desconexio, totalhoras, observaciones, id, Id_f, id_usuario, estado, idconexion, nombre_mecanico)
  VALUES (fechadesco, horadesco, totalhoras, observaciones, idingre, idf, idusuario, 'Activo', idconexion, nombremecanico);
  if (@@error_count=0) then
	commit;
	else
	rollback;
end if;
commit;
END
$$

--
-- Create procedure `actualizar_desconexion`
--
CREATE 
DEFINER = 'root'@'localhost'
PROCEDURE actualizar_desconexion(in iddesco int,in fechadesco char(10),
  in horadesco char(10), in totalhoras char(10), in observaciones varchar(70),
  in idf int,in idingre int,in idconexion int,in nombremecanico varchar(100))
BEGIN
  start transaction;
UPDATE desconexion
SET Fecha_De_Desconexion = fechadesco,
    Hora_De_Desconexio = horadesco,
    totalhoras = totalhoras,
    observaciones = observaciones,
    id = idingre,
    Id_f = idf,
    idconexion = idconexion,
    nombre_mecanico = nombremecanico
WHERE Id_d = iddesco;

  if (@@error_count=0) then
	commit;
	else
	rollback;
end if;
commit;

END
$$

DELIMITER ;

--
-- Create table `contenedor_posicion_patio`
--
CREATE TABLE contenedor_posicion_patio (
  id_conte_posi INT(11) NOT NULL AUTO_INCREMENT,
  idpatio INT(11) DEFAULT NULL,
  idarea INT(11) DEFAULT NULL,
  idbloque INT(11) DEFAULT NULL,
  idfila INT(11) DEFAULT NULL,
  altura INT(11) DEFAULT NULL,
  idaltura INT(11) NOT NULL,
  idusuario INT(11) DEFAULT NULL,
  fecha VARCHAR(10) DEFAULT NULL,
  hora VARCHAR(10) DEFAULT NULL,
  id_ingre_m INT(11) DEFAULT NULL,
  idf INT(11) DEFAULT NULL,
  observaciones VARCHAR(100) DEFAULT NULL,
  estado VARCHAR(10) DEFAULT NULL,
  PRIMARY KEY (id_conte_posi)
)
ENGINE = INNODB,
AUTO_INCREMENT = 3,
CHARACTER SET utf8mb4,
COLLATE utf8mb4_general_ci;

--
-- Create index `contenedor_posicion_patio_FK_1` on table `contenedor_posicion_patio`
--
ALTER TABLE contenedor_posicion_patio 
  ADD INDEX contenedor_posicion_patio_FK_1(idpatio);

--
-- Create foreign key
--
ALTER TABLE contenedor_posicion_patio 
  ADD CONSTRAINT contenedor_posicion_patio_FK FOREIGN KEY (id_ingre_m, idf, idusuario)
    REFERENCES ingreso_maestro(Id_Ingreso, Id_f, id_usuario);

--
-- Create foreign key
--
ALTER TABLE contenedor_posicion_patio 
  ADD CONSTRAINT contenedor_posicion_patio_FK_2 FOREIGN KEY (idfila)
    REFERENCES fila(idfila);

DELIMITER $$

--
-- Create procedure `mostrar_cont_pos`
--
CREATE 
DEFINER = 'root'@'localhost'
PROCEDURE mostrar_cont_pos()
begin
SELECT
  cpp.id_conte_posi,
  im.No_Contenedor contenedor,
  p.patio_desc patio,
  ap.area,
  b.Descripcion bloque,
  f.fila,
  cpp.altura,
  cpp.observaciones,
  cpp.idaltura
FROM contenedor_posicion_patio cpp
  INNER JOIN ingreso_maestro im
    ON im.Id_Ingreso = cpp.id_ingre_m
  INNER JOIN flota_transporte ft
    ON ft.Id_f = cpp.idf
  INNER JOIN patios p
    ON p.id_patio = cpp.idpatio
  INNER JOIN areas_patio ap
    ON ap.id_area = cpp.idarea
    AND ap.id_patio = cpp.idpatio
  INNER JOIN bloque b
    ON b.id_bloque = cpp.idbloque
    AND b.id_area = cpp.idarea
  INNER JOIN fila f
    ON f.idfila = cpp.idfila
WHERE cpp.estado = "Ingresado";
END
$$

--
-- Create procedure `insertar_posicion_con`
--
CREATE 
DEFINER = 'root'@'localhost'
PROCEDURE insertar_posicion_con(in fecha varchar(10),
in hora varchar(10),in idpatio int,in idarea int,in idbloque int,in idfila int,
in altura int,in idusuario int, in id_ingreso int,in id_f int, in observaciones varchar(100),in id_altura int)
begin
	start transaction;
INSERT INTO sis_invcon.contenedor_posicion_patio (idpatio, idarea, idbloque, idfila, altura, idaltura, idusuario, fecha, hora, id_ingre_m, idf, observaciones, estado)
  VALUES (idpatio, idarea, idbloque, idfila, altura, id_altura, idusuario, fecha, hora, id_ingreso, id_f, observaciones, 'Ingresado');

UPDATE ingreso_maestro
SET Estado = 'Asignado'
WHERE Id_Ingreso = id_ingreso;

if (@@error_count=0) then
	commit;
	else
	rollback;
end if;
commit;
	
END
$$

--
-- Create procedure `insertar_movinterno`
--
CREATE 
DEFINER = 'root'@'localhost'
PROCEDURE insertar_movinterno(in semana int,in anio int,in fecha date,in hora time,
in contenedor int,in bant char(10),in medida char(20), in patio int,in area char(20),in bloque char(20),
in cliente char(20),in actividad char(20),in motivo char(20),in opcion varchar(25),in idusuario int,
in idcont int)
BEGIN

INSERT INTO movimientos (Semana, anio, Hora_Ingreso, Medida, Contenedor, Cliente, Actividad, Motivo, Fecha_Movimiento,
Patio, area, banterior, bnuevo, opciont, id_usuario, estado)
  VALUES (semana, anio, hora, medida, contenedor, cliente, actividad, motivo, fecha, patio, area, bant, bloque, opcion, idusuario, 'activo');
  
if (@@error_count=0) then
UPDATE contenedor_posicion_patio
SET idpatio = patio,
    idarea = area,
    idbloque = bloque
WHERE id_conte_posi = idcont;
	commit;
	else
	rollback;
end if;
commit;


END
$$

--
-- Create procedure `actualizar_Posicion_con`
--
CREATE 
DEFINER = 'root'@'localhost'
PROCEDURE actualizar_Posicion_con(in idpos int,in fecha varchar(10),
in hora varchar(10),in idpatio int,in idarea int,in idbloque int,in idfila_u int,
in altura int,in id_ingreso int,in id_f int, in observaciones varchar(100), in idalturan int)
begin
		declare id_fila_t int;
		declare id_altura_t int;
	start transaction;

SELECT
  contenedor_posicion_patio.idfila,
  altura_predio.id_altura INTO id_fila_t, id_altura_t
FROM contenedor_posicion_patio
  INNER JOIN altura_predio
    ON contenedor_posicion_patio.idfila = altura_predio.id_fila
    AND altura_predio.id_altura = idalturan
WHERE id_conte_posi = idpos;

UPDATE sis_invcon.altura_predio
SET id_ingresoc = 0,
    estado = 'Sin Asignar'
WHERE id_altura = id_altura_t
AND id_fila = id_fila_t;

UPDATE sis_invcon.contenedor_posicion_patio
SET idpatio = idpatio,
    idarea = idarea,
    idbloque = idbloque,
    idfila = idfila_u,
    altura = altura,
    fecha = fecha,
    hora = hora,
    id_ingre_m = id_ingreso,
    idf = id_f,
    observaciones = observaciones
WHERE id_conte_posi = idpos;

UPDATE sis_invcon.altura_predio
SET id_ingresoc = id_ingreso,
    estado = 'Asignado'
WHERE id_altura = idalturan;
	
if (@@error_count=0) then
	commit;
	else
	rollback;
end if;
commit;
end
$$

--
-- Create procedure `actualizar_movinterno`
--
CREATE 
DEFINER = 'root'@'localhost'
PROCEDURE actualizar_movinterno(in idmovinterno int,in semana int,in anio int,in fecha date,in hora time,
in contenedor int,in bant char(10),in medida char(20), in patio int,in area char(20),in bloque char(20),
in cliente char(20),in actividad char(20),in motivo char(20),in opcion varchar(25),
in idcont int)
BEGIN
start transaction;

UPDATE movimientos
SET Semana = semana,
    anio = anio,
    Fecha_Movimiento = fecha,
    Hora_Ingreso = hora,
    Contenedor = contenedor,
    banterior = bant,
    Medida = medida,
    Patio = patio,
    area = area,
    bnuevo = bloque,
    Cliente = cliente,
    Actividad = actividad,
    Motivo = motivo,
    opciont = opcion
WHERE Id_Movimientos = idmovinterno;

if (@@error_count=0) then
UPDATE contenedor_posicion_patio
SET idpatio = patio,
    idarea = area,
    idbloque = bloque
WHERE id_conte_posi = idcont;
	commit;
	else
	rollback;
end if;
commit;

END
$$

DELIMITER ;

--
-- Create table `conexion`
--
CREATE TABLE conexion (
  Id INT(11) NOT NULL AUTO_INCREMENT,
  Fecha_Conexion DATE DEFAULT NULL,
  Hora_De_Conexion CHAR(10) DEFAULT NULL,
  Setpoint DECIMAL(5, 2) DEFAULT NULL,
  Suministro DECIMAL(5, 2) DEFAULT NULL,
  Retorno DECIMAL(5, 2) DEFAULT NULL,
  Id_f INT(11) NOT NULL,
  Id_ingreso INT(11) NOT NULL,
  Id_usuario INT(11) NOT NULL,
  Estado CHAR(10) DEFAULT NULL,
  temperatura CHAR(2) DEFAULT NULL,
  tipoconexion VARCHAR(2) DEFAULT NULL,
  mecanico VARCHAR(50) DEFAULT NULL,
  PRIMARY KEY (Id, Id_ingreso, Id_f, Id_usuario)
)
ENGINE = INNODB,
AVG_ROW_LENGTH = 5461,
CHARACTER SET utf8mb4,
COLLATE utf8mb4_general_ci;

--
-- Create foreign key
--
ALTER TABLE conexion 
  ADD CONSTRAINT ingreso_m_conexion FOREIGN KEY (Id_ingreso, Id_usuario)
    REFERENCES ingreso_maestro(Id_Ingreso, id_usuario);

DELIMITER $$

--
-- Create procedure `mostrar_desconexion`
--
CREATE 
DEFINER = 'root'@'localhost'
PROCEDURE mostrar_desconexion()
BEGIN
SELECT
  a.Fecha_De_Desconexion,
  a.Hora_De_Desconexio,
  a.totalhoras,
  b.Id_Ingreso,
  c.Cabezal,
  c.Nombre_de_Piloto,
  b.No_Contenedor,
  a.Id_d,
  b.Hora_ingreso,
  b.Fecha_ingreso,
  b.Descripcion_contenido,
  d.Id 'idco'
FROM desconexion a
  INNER JOIN ingreso_maestro b
    ON a.id = b.Id_Ingreso
  INNER JOIN flota_transporte c
    ON a.Id_f = c.Id_f
  INNER JOIN conexion d
    ON a.idconexion = d.Id
WHERE a.estado = 'Activo'
AND b.Estado IN ('Ingresado', 'Asignado');
END
$$

--
-- Create procedure `mostrar_dato_conexion`
--
CREATE 
DEFINER = 'root'@'localhost'
PROCEDURE mostrar_dato_conexion(in idconexion int)
BEGIN
SELECT
  *
FROM conexion
WHERE Id = idconexion;
END
$$

--
-- Create procedure `mostrar_conexiones`
--
CREATE 
DEFINER = 'root'@'localhost'
PROCEDURE mostrar_conexiones()
BEGIN
SELECT
  a.Id,
  b.No_Contenedor,
  a.Fecha_Conexion,
  a.Hora_De_Conexion,
  a.Setpoint,
  a.Suministro,
  a.Retorno,
  b.Id_Ingreso,
  c.Cabezal,
  c.Nombre_de_Piloto
FROM conexion a
  INNER JOIN ingreso_maestro b
    ON a.Id_ingreso = b.Id_Ingreso
  INNER JOIN flota_transporte c
    ON a.Id_f = c.Id_f
WHERE b.Estado IN ('Ingresado', 'Asignado')
AND a.Estado = 'Activo';
END
$$

--
-- Create procedure `insertar_conexion`
--
CREATE 
DEFINER = 'root'@'localhost'
PROCEDURE insertar_conexion(in fechac char(10),in horacon char(10),
in setpoint decimal(5,2),in suministro decimal(5,2),in retorno decimal(5,2),
in idingreso int, in idf int,in idusuario int,in temperatura char(2),in tipocon char(2),in nomecanico varchar(50))
BEGIN
	start transaction;
INSERT INTO sis_invcon.conexion (Fecha_Conexion, Hora_De_Conexion, Setpoint, Suministro, Retorno,
Id_ingreso, Id_f, Id_usuario, Estado, temperatura, tipoconexion, mecanico)
  VALUES (fechac, horacon, setpoint, suministro, retorno, idingreso, idf, idusuario, 'Activo', temperatura, tipocon, nomecanico);
if (@@error_count=0) then
	commit;
	else
	rollback;
end if;
commit;
END
$$

--
-- Create procedure `insertar_cone`
--
CREATE 
DEFINER = 'root'@'localhost'
PROCEDURE insertar_cone(in fechac char(10),in horacon char(10),
in setpoint decimal(5,2),in suministro decimal(5,2),in retorno decimal(5,2),
in idingreso int, in idf int,in idusuario int,in temperatura char(2),in tipocon char(2))
BEGIN
	start transaction;
INSERT INTO sis_invcon.conexion (Fecha_Conexion, Hora_De_Conexion, Setpoint, Suministro, Retorno,
Id_ingreso, Id_f, Id_usuario, Estado, temperatura, tipoconexion)
  VALUES (fechac, horacon, setpoint, suministro, retorno, idingreso, idf, idusuario, 'Activo', temperatura, tipocon);
if (@@error_count=0) then
	commit;
	else
	rollback;
end if;
commit;
END
$$

--
-- Create procedure `datosconexion`
--
CREATE 
DEFINER = 'root'@'localhost'
PROCEDURE datosconexion(in idconexion int)
BEGIN
SELECT
  a.Fecha_Conexion,
  a.Hora_De_Conexion,
  a.Setpoint,
  a.Suministro,
  b.Fecha_ingreso,
  b.Hora_ingreso,
  c.Cabezal,
  c.Nombre_de_Piloto,
  b.Id_f,
  b.Id_Ingreso
FROM conexion a
  INNER JOIN ingreso_maestro b
    ON a.Id_ingreso = b.Id_Ingreso
  INNER JOIN flota_transporte c
    ON b.Id_f = c.Id_f
WHERE a.id = idconexion;
END
$$

--
-- Create procedure `actualizar_conexion`
--
CREATE 
DEFINER = 'root'@'localhost'
PROCEDURE actualizar_conexion(in id_conexion int,in fechac char(10),in horacon char(10),
in setpoint decimal(5,2),in suministro decimal(5,2),in retorno decimal(5,2),
in idingreso int, in idf int,in temperatura char(2),in tipocon char(2), in nomecanico varchar(50))
BEGIN
  start transaction;

UPDATE conexion
SET Fecha_Conexion = fechac,
    Hora_De_Conexion = horacon,
    Setpoint = setpoint,
    Retorno = retorno,
    Suministro = suministro,
    Id_ingreso = idingreso,
    Id_f = Id_f,
    temperatura = temperatura,
    tipoconexion = tipocon,
    mecanico = nomecanico
WHERE Id = id_conexion;

  if (@@error_count=0) then
	commit;
	else
	rollback;
end if;
commit;

END
$$

DELIMITER ;

--
-- Create table `asignaciones`
--
CREATE TABLE asignaciones (
  Id_a INT(11) NOT NULL AUTO_INCREMENT,
  observaciones VARCHAR(255) DEFAULT NULL,
  bloque INT(11) DEFAULT NULL,
  posicion INT(11) DEFAULT NULL,
  id INT(11) NOT NULL,
  Id_f INT(11) NOT NULL,
  id_usuario INT(11) NOT NULL,
  PRIMARY KEY (Id_a, id, Id_f, id_usuario)
)
ENGINE = INNODB,
AVG_ROW_LENGTH = 32768,
CHARACTER SET utf8mb4,
COLLATE utf8mb4_general_ci;

--
-- Create foreign key
--
ALTER TABLE asignaciones 
  ADD CONSTRAINT ingreso_m_asignaciones FOREIGN KEY (id, Id_f, id_usuario)
    REFERENCES ingreso_maestro(Id_Ingreso, Id_f, id_usuario);

DELIMITER $$

--
-- Create procedure `mostrar_asignacion`
--
CREATE 
DEFINER = 'root'@'localhost'
PROCEDURE mostrar_asignacion(in idasignacion int)
begin

SELECT
  *
FROM sis_invcon.asignaciones
WHERE Id_a = idasignacion;
END
$$

--
-- Create procedure `listar_asignaciones`
--
CREATE 
DEFINER = 'root'@'localhost'
PROCEDURE listar_asignaciones()
BEGIN
SELECT
  b.Ord,
  a.Id_a,
  c.Nombre_de_Piloto,
  c.Placas,
  c.Codigo_Piloto_Naviera,
  b.No_Contenedor,
  d.Descripcion Bloque,
  e.noposicion Posicion,
  b.producto,
  b.Barco
FROM asignaciones a
  INNER JOIN ingreso_maestro b
    ON a.id = b.Id_Ingreso
  INNER JOIN flota_transporte c
    ON a.Id_f = c.Id_f
  INNER JOIN bloque d
    ON a.bloque = d.id_bloque
  INNER JOIN posicion e
    ON a.posicion = e.idposicion
WHERE b.Estado = 'Ingresado';
END
$$

--
-- Create procedure `insertar_asign`
--
CREATE 
DEFINER = 'root'@'localhost'
PROCEDURE insertar_asign(in observaciones varchar(255),
in bloque int,in posicion int,in idingreso int,in idf int,in idusuario int)
BEGIN
start transaction;
INSERT INTO asignaciones (observaciones, bloque, posicion, id, Id_f, id_usuario)
  VALUES (observaciones, bloque, posicion, idingreso, idf, idusuario);

UPDATE posicion
SET id_ingreso = idingreso,
    estado = 'Asignado'
WHERE idPosicion = posicion
AND idbloque = bloque;

if (@@error_count=0) then
	commit;
	else
	rollback;
end if;
commit;

END
$$

--
-- Create procedure `actualizar_asignaciones`
--
CREATE 
DEFINER = 'root'@'localhost'
PROCEDURE actualizar_asignaciones(in idasignacion int,in Observaciones varchar(255),in Bloque int,
in posiciona int,in idingresoa int,in idfa int)
begin
	 start transaction;
UPDATE sis_invcon.asignaciones
SET observaciones = Observaciones,
    bloque = Bloque,
    posicion = posiciona,
    id = idingresoa,
    Id_f = idfa
WHERE Id_a = idasignacion;

if (@@error_count=0) then
	commit;
	else
	rollback;
end if;
commit;

END
$$

--
-- Create procedure `actualizar_asign`
--
CREATE 
DEFINER = 'root'@'localhost'
PROCEDURE actualizar_asign(in idasignacion int, in observaciones varchar(255), in bloque int,in posicion int,
in idingreso int,in idf int)
begin
	start transaction;

UPDATE sis_invcon.asignaciones
SET observaciones = observaciones,
    bloque = bloque,
    posicion = posicion,
    id = idingreso,
    Id_f = idf
WHERE Id_a = idasignacion;

UPDATE sis_invcon.posicion
SET id_ingreso = idingreso,
    estado = 'Asignado'
WHERE idPosicion = posicion
AND idbloque = bloque;
		
if (@@error_count=0) then
	commit;
	else
	rollback;
end if;
commit;
END
$$

DELIMITER ;

--
-- Create table `permiso`
--
CREATE TABLE permiso (
  idpermiso INT(11) NOT NULL AUTO_INCREMENT,
  nombre VARCHAR(30) NOT NULL,
  PRIMARY KEY (idpermiso)
)
ENGINE = INNODB,
AUTO_INCREMENT = 8,
AVG_ROW_LENGTH = 5461,
CHARACTER SET utf8,
COLLATE utf8_general_ci;

--
-- Create table `usuario_permiso`
--
CREATE TABLE usuario_permiso (
  idusuario_permiso INT(11) NOT NULL AUTO_INCREMENT,
  idusuario INT(11) NOT NULL,
  idpermiso INT(11) NOT NULL,
  PRIMARY KEY (idusuario_permiso)
)
ENGINE = INNODB,
AUTO_INCREMENT = 34,
AVG_ROW_LENGTH = 1820,
CHARACTER SET utf8,
COLLATE utf8_general_ci;

--
-- Create index `fk_u_permiso_usuario_idx` on table `usuario_permiso`
--
ALTER TABLE usuario_permiso 
  ADD INDEX fk_u_permiso_usuario_idx(idusuario);

--
-- Create index `fk_usuario_permiso_idx` on table `usuario_permiso`
--
ALTER TABLE usuario_permiso 
  ADD INDEX fk_usuario_permiso_idx(idpermiso);

--
-- Create foreign key
--
ALTER TABLE usuario_permiso 
  ADD CONSTRAINT fk_u_permiso_usuario FOREIGN KEY (idusuario)
    REFERENCES usuarios(id_usuario) ON DELETE NO ACTION ON UPDATE NO ACTION;

--
-- Create foreign key
--
ALTER TABLE usuario_permiso 
  ADD CONSTRAINT fk_usuario_permiso FOREIGN KEY (idpermiso)
    REFERENCES permiso(idpermiso) ON DELETE NO ACTION ON UPDATE NO ACTION;

--
-- Create table `tipocontenedor`
--
CREATE TABLE tipocontenedor (
  id INT(11) NOT NULL AUTO_INCREMENT,
  descripcion VARCHAR(20) DEFAULT NULL,
  PRIMARY KEY (id)
)
ENGINE = INNODB,
AUTO_INCREMENT = 8,
AVG_ROW_LENGTH = 2340,
CHARACTER SET utf8mb4,
COLLATE utf8mb4_general_ci;

--
-- Create table `datostir`
--
CREATE TABLE datostir (
  idtir INT(11) NOT NULL AUTO_INCREMENT,
  SerieTir CHAR(2) DEFAULT NULL,
  chassis VARCHAR(10) DEFAULT NULL,
  tipochassis VARCHAR(5) DEFAULT NULL,
  refrigeracion VARCHAR(10) DEFAULT NULL,
  tipocontenedor VARCHAR(10) DEFAULT NULL,
  fecha VARCHAR(10) DEFAULT NULL,
  hora VARCHAR(10) DEFAULT NULL,
  tipomov VARCHAR(10) DEFAULT NULL,
  Nombre_naviera VARCHAR(30) NOT NULL,
  vacio VARCHAR(10) DEFAULT NULL,
  Destino VARCHAR(30) DEFAULT NULL,
  fallaizq BIT(1) DEFAULT NULL,
  fallader BIT(1) DEFAULT NULL,
  fallafre BIT(1) DEFAULT NULL,
  fallainte BIT(1) DEFAULT NULL,
  fallatra BIT(1) DEFAULT NULL,
  fallatec BIT(1) DEFAULT NULL,
  fallachas BIT(1) DEFAULT NULL,
  cliente VARCHAR(100) DEFAULT NULL,
  observaciones VARCHAR(200) DEFAULT NULL,
  Observaciones_cierre VARCHAR(100) DEFAULT NULL,
  booking INT(11) DEFAULT NULL,
  sello_botella VARCHAR(20) DEFAULT NULL,
  idingreso INT(11) DEFAULT NULL,
  id_f INT(11) DEFAULT NULL,
  id_usuario INT(11) DEFAULT NULL,
  estado VARCHAR(10) DEFAULT NULL,
  PRIMARY KEY (idtir),
  INDEX datortir_idtir_IDX(idtir)
)
ENGINE = INNODB,
AUTO_INCREMENT = 2,
AVG_ROW_LENGTH = 4681,
CHARACTER SET utf8mb4,
COLLATE utf8mb4_general_ci;

--
-- Create index `datortir_FK` on table `datostir`
--
ALTER TABLE datostir 
  ADD INDEX datortir_FK(idingreso, id_f, id_usuario);

DELIMITER $$

--
-- Create procedure `reportes_tirs`
--
CREATE 
DEFINER = 'root'@'localhost'
PROCEDURE reportes_tirs(in fechainicial date,in fechafinal date, in tipo char(6))
BEGIN
 if tipo='rep' then
SELECT
  dt.idtir,
  im.No_Contenedor,
  dt.chassis,
  dt.SerieTir,
  dt.fecha,
  dt.hora,
  dt.Destino,
  dt.cliente,
  im.Barco,
  dt.tipomov
FROM datostir dt
  INNER JOIN ingreso_maestro im
    ON dt.idingreso = im.Id_Ingreso
WHERE dt.fecha BETWEEN fechainicial AND fechafinal
AND dt.estado = 'Activo';
ELSEIF tipo = 'exp' THEN
SELECT
  *
FROM datostir dt
  INNER JOIN ingreso_maestro im
    ON dt.idingreso = im.Id_Ingreso
WHERE dt.fecha BETWEEN fechainicial AND fechafinal
AND dt.estado = 'Activo';
ELSEIF tipo = 'anu' THEN
SELECT
  dt.idtir,
  im.No_Contenedor,
  dt.chassis,
  dt.SerieTir,
  dt.fecha,
  dt.hora,
  dt.Destino,
  dt.cliente,
  im.Barco,
  dt.tipomov
FROM datostir dt
  INNER JOIN ingreso_maestro im
    ON dt.idingreso = im.Id_Ingreso
WHERE dt.fecha BETWEEN fechainicial AND fechafinal
AND dt.estado = 'Anulado';
ELSEIF tipo = 'anu_ex' THEN
SELECT
  *
FROM datostir dt
  INNER JOIN ingreso_maestro im
    ON dt.idingreso = im.Id_Ingreso
WHERE dt.fecha BETWEEN fechainicial AND fechafinal
AND dt.estado = 'Anulado';

END IF;
END
$$

--
-- Create procedure `mostrar_datostir`
--
CREATE 
DEFINER = 'root'@'localhost'
PROCEDURE mostrar_datostir()
begin
SELECT
  im.No_Contenedor,
  a.chassis,
  SerieTir,
  a.fecha,
  a.hora,
  ft.Transporte,
  ft.Nombre_de_Piloto,
  ft.Placas,
  a.Destino,
  a.vacio,
  a.cliente,
  a.idtir
FROM sis_invcon.datostir a
  INNER JOIN ingreso_maestro im
    ON a.idingreso = im.Id_Ingreso
  INNER JOIN flota_transporte ft
    ON a.id_f = ft.Id_f
WHERE a.estado = 'Activo';
END
$$

--
-- Create procedure `mostrar_datos_tir`
--
CREATE 
DEFINER = 'root'@'localhost'
PROCEDURE mostrar_datos_tir(in id_tir int)
begin
SELECT
  *
FROM sis_invcon.datostir
WHERE idtir = id_tir;
END
$$

--
-- Create procedure `insert_tir`
--
CREATE 
DEFINER = 'root'@'localhost'
PROCEDURE insert_tir(in seriet char(2),in chasis char(10),
in tchasis varchar (5),in refrig varchar(10),in tconten varchar(10),in fechat char(10),
in horat char(10),in tmov char(10),in naviera varchar(30),in vacio varchar(10),in destino varchar(30),
in fizq bit,in fder bit,in ffre bit, in finte bit,in ftra bit,in ftec bit, in fcha bit,
in cli varchar(100), in obser varchar(200), in id_ingre int, in idf int,in idusuario int,
in booking int, in sbotella varchar(20))
begin
	start transaction;

INSERT INTO sis_invcon.datostir (SerieTir, chassis, tipochassis, refrigeracion, tipocontenedor, fecha, hora,
tipomov, Nombre_naviera, vacio, Destino, fallaizq, fallader, fallafre, fallainte,
fallatra, fallatec, fallachas, cliente, observaciones, idingreso, id_f, id_usuario, estado, booking, sello_botella)
  VALUES (seriet, chasis, tchasis, refrig, tconten, fechat, horat, tmov, naviera, vacio, destino, fizq, fder, ffre, finte, ftra, ftec, fcha, cli, obser, id_ingre, idf, idusuario, 'Activo', booking, sbotella);

SELECT
  LAST_INSERT_ID() AS idtir;
 if (@@error_count=0) then
	commit;
	
	else
	rollback;
end if;
commit;
END
$$

--
-- Create procedure `actualizar_tir`
--
CREATE 
DEFINER = 'root'@'localhost'
PROCEDURE actualizar_tir(in id_tir int,in seriet char(2),in chasis char(10),
in tchasis varchar (5),in refrig varchar(10),in tconten varchar(10),in fechat char(10),
in horat char(10),in tmov char(10),in naviera varchar(30),in vacio varchar(10),in destino varchar(30),
in fizq bit,in fder bit,in ffre bit, in finte bit,in ftra bit,in ftec bit, in fcha bit,
in cli varchar(100), in obser varchar(200), in id_ingre int, in idf int,
in booking int, in sbotella varchar(20))
begin
	start transaction;

UPDATE sis_invcon.datostir
SET SerieTir = seriet,
    chassis = chasis,
    tipochassis = tchasis,
    refrigeracion = refrig,
    tipocontenedor = tconten,
    fecha = fechat,
    hora = horat,
    tipomov = tmov,
    Nombre_naviera = naviera,
    vacio = vacio,
    Destino = destino,
    fallaizq = fizq,
    fallader = fder,
    fallafre = ffre,
    fallainte = finte,
    fallatra = ftra,
    fallatec = ftec,
    fallachas = fcha,
    cliente = cli,
    observaciones = obser,
    idingreso = id_ingre,
    id_f = idf,
    booking = booking,
    sello_botella = sbotella
WHERE idtir = id_tir;


SELECT
  id_tir AS idtir;
	if (@@error_count=0) then
	commit;
	else
	rollback;
end if;
commit;
END
$$

DELIMITER ;

--
-- Create table `fallas_tir`
--
CREATE TABLE fallas_tir (
  idfalla_tir INT(11) NOT NULL AUTO_INCREMENT,
  id_datostir INT(11) DEFAULT NULL,
  ubicacion CHAR(20) DEFAULT NULL,
  falla VARCHAR(20) DEFAULT NULL,
  opcionfalla BIT(1) DEFAULT NULL,
  Posicion VARCHAR(10) DEFAULT NULL,
  observacion VARCHAR(50) DEFAULT NULL,
  PRIMARY KEY (idfalla_tir)
)
ENGINE = INNODB,
AUTO_INCREMENT = 3,
AVG_ROW_LENGTH = 1820,
CHARACTER SET utf8mb4,
COLLATE utf8mb4_general_ci;

--
-- Create foreign key
--
ALTER TABLE fallas_tir 
  ADD CONSTRAINT Fallas_TIR_FK FOREIGN KEY (id_datostir)
    REFERENCES datostir(idtir);

DELIMITER $$

--
-- Create procedure `insert_fallastir`
--
CREATE 
DEFINER = 'root'@'localhost'
PROCEDURE insert_fallastir(in iddtir int,in ubicacion char(50),in f char(20),in op bit,in obser varchar(50),in pos varchar(10) )
begin
	start transaction;

INSERT INTO sis_invcon.fallas_tir (id_datostir, ubicacion, falla, opcionfalla, observacion, Posicion)
  VALUES (iddtir, ubicacion, f, op, obser, pos);

if (@@error_count=0) then
	commit;
	else
	rollback;
end if;
commit;
END
$$

--
-- Create procedure `Cierre_Tir`
--
CREATE 
DEFINER = 'root'@'localhost'
PROCEDURE Cierre_Tir(in id_tir int, in observacionesc varchar(100),
in idusuario int, in fechac char(10),in horac char(10))
  DETERMINISTIC
  COMMENT 'Error al ejecutar el procedimiento'
begin
	
	declare exit handler for sqlexception
		begin
 
			rollback;
		end;
	declare exit handler for sqlwarning
	begin
		rollback;
	end;
	
	start transaction;
	
	set @obs := observacionesc;
	set @fechac :=fechac;
	set @horac :=horac;

INSERT INTO sis_invcon.datostir (SerieTir, chassis, tipochassis, refrigeracion, tipocontenedor,
fecha, hora, tipomov, Nombre_naviera, vacio, Destino, fallaizq, fallader, fallafre,
fallainte, fallatra, fallatec, fallachas, cliente, observaciones, Observaciones_cierre, idingreso, id_f, id_usuario, estado)
  SELECT
    SerieTir,
    chassis,
    tipochassis,
    refrigeracion,
    tipocontenedor,
    @fechac,
    @horac,
    'Salida',
    Nombre_naviera,
    vacio,
    Destino,
    fallaizq,
    fallader,
    fallafre,
    fallainte,
    fallatra,
    fallatec,
    fallachas,
    cliente,
    observaciones,
    @obs,
    idingreso,
    id_f,
    id_usuario,
    "Cerrado" estado
  FROM datostir d
  WHERE d.idtir = id_tir;

SELECT
  @idu := LAST_INSERT_ID();
INSERT INTO sis_invcon.fallas_tir (id_datostir, ubicacion, falla, opcionfalla, Posicion, observacion)
  SELECT
    @idu,
    ubicacion,
    falla,
    opcionfalla,
    Posicion,
    observacion
  FROM sis_invcon.fallas_tir
  WHERE id_datostir = id_tir;

UPDATE sis_invcon.datostir
SET estado = 'Cerrado'
WHERE idtir = id_tir;
commit;
END
$$

--
-- Create procedure `actualizar_fallastir`
--
CREATE 
DEFINER = 'root'@'localhost'
PROCEDURE actualizar_fallastir(in idfat int,in id_ing int
,in ubicacion char(50),in f char(20),in op bit,in obser varchar(50),in pos varchar(10))
begin
	start transaction;
UPDATE sis_invcon.fallas_tir
SET ubicacion = ubicacion,
    falla = f,
    opcionfalla = op,
    Posicion = pos,
    observacion = obser
WHERE idfalla_tir = idfat
AND id_datostir = id_ing;

	if (@@error_count=0) then
	commit;
	else
	rollback;
end if;
commit;
END
$$

DELIMITER ;

--
-- Create table `movimientosc`
--
CREATE TABLE movimientosc (
  id INT(11) NOT NULL AUTO_INCREMENT,
  semana CHAR(20) DEFAULT NULL,
  fecha_mov DATE DEFAULT NULL,
  hora_ingreso TIME DEFAULT NULL,
  contenedor INT(11) DEFAULT NULL,
  cliente CHAR(40) DEFAULT NULL,
  actividad CHAR(50) DEFAULT NULL,
  Movinter_c VARCHAR(150) NOT NULL,
  usuario INT(11) DEFAULT NULL,
  estado VARCHAR(10) DEFAULT NULL,
  PRIMARY KEY (id)
)
ENGINE = INNODB,
CHARACTER SET utf8mb4,
COLLATE utf8mb4_general_ci;

DELIMITER $$

--
-- Create procedure `listar_movinterno`
--
CREATE 
DEFINER = 'root'@'localhost'
PROCEDURE listar_movinterno(in tipoconsulta char(3))
begin
	if tipoconsulta='mic' then
SELECT
  m.id,
  m.semana,
  m.fecha_mov,
  m.hora_ingreso,
  im.No_Contenedor,
  m.cliente,
  m.actividad,
  m.Movinter_c,
  m.estado
FROM sis_invcon.movimientosc m
  INNER JOIN sis_invcon.contenedor_posicion_patio cpp
    ON cpp.id_conte_posi = m.Contenedor
  INNER JOIN sis_invcon.ingreso_maestro im
    ON cpp.id_ingre_m = im.Id_Ingreso;
ELSEIF tipoconsulta = 'mi' THEN

SELECT
  m.Id_Movimientos,
  m.Semana,
  m.anio,
  m.Fecha_Movimiento,
  m.Hora_Ingreso,
  im.No_Contenedor,
  m.Medida,
  m.bnuevo,
  m.area,
  m.Cliente,
  m.Actividad,
  m.Motivo,
  m.estado
FROM sis_invcon.movimientos m
  INNER JOIN sis_invcon.contenedor_posicion_patio cpp
    ON cpp.id_ingre_m = m.Contenedor
  INNER JOIN sis_invcon.ingreso_maestro im
    ON cpp.id_ingre_m = im.Id_Ingreso;
END IF;

END
$$

--
-- Create procedure `inserta_movinternoc`
--
CREATE 
DEFINER = 'root'@'localhost'
PROCEDURE inserta_movinternoc(in semana int,in fecha date,in hora time,
in contenedor int,in client char(40),in actividad char(50),in movintern varchar(150),in usuario int)
begin
start transaction;
INSERT INTO sis_invcon.movimientosc (semana, fecha_mov, hora_ingreso, contenedor, cliente, actividad,
Movinter_c, usuario)
  VALUES (semana, fecha, hora, contenedor, client, actividad, movintern, usuario);
	if (@@error_count=0) then
	commit;
	else
	rollback;
	end if;
commit;
END
$$

--
-- Create procedure `actualizar_movinternoc`
--
CREATE 
DEFINER = 'root'@'localhost'
PROCEDURE actualizar_movinternoc(in idmovc int,in seman int,in fecha date,in hora time,
in contenedor int,in client char(40),in activid char(50),in movintern varchar(150))
begin
	start transaction;
UPDATE sis_invcon.movimientosc
SET semana = seman,
    fecha_mov = fecha,
    hora_ingreso = hora,
    contenedor = contenedor,
    cliente = client,
    actividad = activid,
    Movinter_c = movintern
WHERE id = idmovc;
if (@@error_count=0) then
	commit;
	else
	rollback;
	end if;
commit;
END
$$

DELIMITER ;

--
-- Create table `monitoreo`
--
CREATE TABLE monitoreo (
  Id_m INT(11) NOT NULL AUTO_INCREMENT,
  Hora_De_Monitoreo CHAR(10) DEFAULT NULL,
  Retorno DECIMAL(5, 2) DEFAULT NULL,
  Observaciones VARCHAR(50) DEFAULT NULL,
  Producto CHAR(20) DEFAULT NULL,
  Set_Point DECIMAL(5, 2) DEFAULT NULL,
  Suministro DECIMAL(5, 2) DEFAULT NULL,
  Fecha_Del_Monitoreo CHAR(20) DEFAULT NULL,
  Nombre_Del_Mecanico CHAR(20) DEFAULT NULL,
  id_ingreso INT(11) NOT NULL,
  Id_f INT(11) NOT NULL,
  id_usuario INT(11) NOT NULL,
  estado VARCHAR(10) DEFAULT NULL,
  temperatura CHAR(2) DEFAULT NULL,
  PRIMARY KEY (Id_m)
)
ENGINE = INNODB,
AVG_ROW_LENGTH = 8192,
CHARACTER SET utf8mb4,
COLLATE utf8mb4_general_ci;

--
-- Create index `ingreso_m_monitoreo` on table `monitoreo`
--
ALTER TABLE monitoreo 
  ADD INDEX ingreso_m_monitoreo(id_ingreso, id_usuario);

DELIMITER $$

--
-- Create procedure `mostrar_datos_monitoreo`
--
CREATE 
DEFINER = 'root'@'localhost'
PROCEDURE mostrar_datos_monitoreo(in idmonitoreo int)
BEGIN
SELECT
  *
FROM monitoreo
WHERE Id_m = idmonitoreo;
END
$$

--
-- Create procedure `listar_Monitoreo`
--
CREATE 
DEFINER = 'root'@'localhost'
PROCEDURE listar_Monitoreo()
BEGIN
SELECT
  a.Id_m,
  b.No_Contenedor,
  a.Hora_De_Monitoreo,
  a.suministro,
  a.Set_Point,
  a.Retorno,
  a.Nombre_Del_Mecanico,
  a.temperatura,
  b.Barco,
  a.Fecha_Del_Monitoreo
FROM monitoreo a
  INNER JOIN ingreso_maestro b
    ON a.id_ingreso = b.Id_Ingreso
  INNER JOIN flota_transporte c
    ON a.Id_f = c.Id_f
  LEFT JOIN bloque d
    ON b.Bloque = d.id_bloque
WHERE a.estado = 'Activo';
END
$$

--
-- Create procedure `insertar_monitoreo`
--
CREATE 
DEFINER = 'root'@'localhost'
PROCEDURE insertar_monitoreo(in horamonitoreo char(10),
  in retorno varchar(30),in observaciones varchar(70),
  in setpoint char(20),in suministro varchar(20),in fechamonitoreo char(10),
  in mecanico char(20),in idingreso int,in idf int,in idusuarios int,in temperaura char(2))
BEGIN
start transaction;
INSERT INTO monitoreo (Hora_De_Monitoreo, Retorno, Observaciones, Set_Point, Suministro, Fecha_Del_Monitoreo,
Nombre_Del_Mecanico, id_ingreso, Id_f, id_usuario, estado, temperatura)
  VALUES (horamonitoreo, retorno, observaciones, setpoint, suministro, fechamonitoreo, mecanico, idingreso, idf, idusuarios, 'Activo', temperaura);
if (@@error_count=0) then
  commit;
  else
  rollback;
  end if;
commit;
END
$$

--
-- Create procedure `actualizar_monitoreo`
--
CREATE 
DEFINER = 'root'@'localhost'
PROCEDURE actualizar_monitoreo(in idmonitoreo int,
  in horamonitoreo char(10),in retorno varchar(30),in observaciones varchar(70),
  in setpoint char(20),in suministro varchar(20),fechamonitoreo char(10),
  in mecanico char(20),in idingreso int,in idf int,in temperatura char(2))
BEGIN
  start transaction;

UPDATE monitoreo
SET Hora_De_Monitoreo = horamonitoreo,
    Retorno = retorno,
    Observaciones = observaciones,
    Set_Point = setpoint,
    Suministro = suministro,
    Fecha_Del_Monitoreo = fechamonitoreo,
    Nombre_Del_Mecanico = mecanico,
    id_ingreso = idingreso,
    Id_f = idf,
    temperatura = temperatura
WHERE Id_m = idmonitoreo;

  if (@@error_count=0) then 
    commit;
    else
    rollback;
    end if;
commit;
END
$$

DELIMITER ;

--
-- Create table `vacios_flota`
--
CREATE TABLE vacios_flota (
  Id INT(11) NOT NULL AUTO_INCREMENT,
  Cabezal CHAR(20) DEFAULT NULL,
  Codigo_Cabezal CHAR(20) DEFAULT NULL,
  PRIMARY KEY (Id)
)
ENGINE = INNODB,
CHARACTER SET utf8mb4,
COLLATE utf8mb4_general_ci;

--
-- Create table `usuarios_activos`
--
CREATE TABLE usuarios_activos (
  id INT(11) NOT NULL AUTO_INCREMENT,
  usuarios VARCHAR(10) DEFAULT NULL,
  nombre_usuario VARCHAR(50) DEFAULT NULL,
  fecha VARCHAR(10) DEFAULT NULL,
  hora VARCHAR(10) DEFAULT NULL,
  PRIMARY KEY (id)
)
ENGINE = INNODB,
AUTO_INCREMENT = 49,
AVG_ROW_LENGTH = 16384,
CHARACTER SET utf8mb4,
COLLATE utf8mb4_general_ci;

--
-- Create table `tamaniochasis`
--
CREATE TABLE tamaniochasis (
  id INT(11) NOT NULL AUTO_INCREMENT,
  descripcion VARCHAR(10) DEFAULT NULL,
  PRIMARY KEY (id)
)
ENGINE = INNODB,
AUTO_INCREMENT = 5,
AVG_ROW_LENGTH = 4096,
CHARACTER SET utf8mb4,
COLLATE utf8mb4_general_ci;

--
-- Create table `medida_contenedores`
--
CREATE TABLE medida_contenedores (
  id INT(11) NOT NULL AUTO_INCREMENT,
  descripcion VARCHAR(50) DEFAULT NULL,
  PRIMARY KEY (id)
)
ENGINE = INNODB,
AUTO_INCREMENT = 10,
AVG_ROW_LENGTH = 2048,
CHARACTER SET utf8mb4,
COLLATE utf8mb4_general_ci;

--
-- Create table `dfallatir`
--
CREATE TABLE dfallatir (
  id INT(11) NOT NULL AUTO_INCREMENT,
  utfalla VARCHAR(10) DEFAULT NULL,
  falla VARCHAR(20) DEFAULT NULL,
  PRIMARY KEY (id)
)
ENGINE = INNODB,
AUTO_INCREMENT = 28,
AVG_ROW_LENGTH = 630,
CHARACTER SET utf8mb4,
COLLATE utf8mb4_general_ci;

--
-- Create table `bitacora`
--
CREATE TABLE bitacora (
  id INT(11) NOT NULL AUTO_INCREMENT,
  accion VARCHAR(20) DEFAULT NULL,
  fecha VARCHAR(10) DEFAULT NULL,
  hora VARCHAR(10) DEFAULT NULL,
  usuario VARCHAR(20) DEFAULT NULL,
  descripcion VARCHAR(100) DEFAULT NULL,
  tabla VARCHAR(15) DEFAULT NULL,
  PRIMARY KEY (id),
  INDEX bitacora_id_IDX(id)
)
ENGINE = INNODB,
AUTO_INCREMENT = 6,
AVG_ROW_LENGTH = 244,
CHARACTER SET utf8mb4,
COLLATE utf8mb4_general_ci;

-- 
-- Dumping data for table patios
--
INSERT INTO patios VALUES
(1, 'PATIO NO 1'),
(2, 'PATIO NO 2'),
(3, 'PATIO NO 3');

-- 
-- Dumping data for table rol
--
INSERT INTO rol VALUES
(1, 'Admin'),
(2, 'Usuario'),
(3, 'Supervisor');

-- 
-- Dumping data for table areas_patio
--
INSERT INTO areas_patio VALUES
(1, 'A', 1),
(2, 'B', 1),
(3, 'C', 1),
(4, 'ANEXO', 1),
(5, 'A', 2),
(6, 'B', 2),
(7, 'C', 2),
(8, 'A', 3),
(9, 'C', 3);

-- 
-- Dumping data for table usuarios
--
INSERT INTO usuarios VALUES
(1, 'Administrador', 'admin', 'b20b0f63ce2ed361e8845d6bf2e59811aaa06ec96bcdb92f9bc0c5a25e83c9a6', 1, 1, '1614482617.png', 'sorporte@interport.com.gt', 'Informatica', 'ALOPSA'),
(2, 'Luis Cambran', 'lcambran', '908ac8d4a9cbab02e53685ca15fbaf46f63a06e2215257272d005da14858764c', 1, 3, '1617246834.png', 'luis@cambrantech.com', 'Informatica', 'ALOPSA'),
(3, 'Fredy Garcia', 'fgarcia', '8d969eef6ecad3c29a3a629280e686cf0c3f5d5a86aff3ca12020c923adc6c92', 1, 1, '1620397246.png', 'tecnicopb@interport.com.gt', 'Informatica', 'ALOPSA');

-- 
-- Dumping data for table bloque
--
INSERT INTO bloque VALUES
(1, '1', 1, NULL),
(2, '2', 1, NULL),
(3, '3', 1, NULL),
(4, '1', 2, NULL),
(5, '4', 1, NULL),
(6, '5', 1, NULL),
(7, '6', 1, NULL),
(8, '7', 1, NULL),
(9, '8', 1, NULL),
(10, '9', 1, NULL),
(11, '10', 1, NULL),
(12, '11', 1, NULL),
(13, '12', 1, NULL),
(14, '2', 2, NULL),
(15, '3', 2, NULL),
(16, '4', 2, NULL),
(17, '5', 2, NULL),
(18, '6', 2, NULL),
(19, '7', 2, NULL),
(20, '8', 2, NULL),
(21, '9', 2, NULL),
(22, '10', 2, NULL),
(23, '11', 2, NULL),
(24, '12', 2, NULL),
(25, '1', 3, NULL),
(26, '2', 3, NULL),
(27, '3', 3, NULL),
(28, '4', 3, NULL),
(29, '5', 3, NULL),
(30, '6', 3, NULL),
(31, '7', 3, NULL),
(32, '8', 3, NULL),
(33, '9', 3, NULL),
(34, '10', 3, NULL),
(35, '11', 3, NULL),
(36, '12', 3, NULL),
(37, '13', 3, NULL),
(38, '14', 3, NULL),
(39, '1', 4, NULL),
(40, '2', 4, NULL),
(41, '3', 4, NULL),
(42, '4', 4, NULL),
(43, '5', 4, NULL),
(44, '6', 4, NULL),
(45, '7', 4, NULL),
(46, '8', 4, NULL),
(47, '9', 4, NULL),
(48, '10', 4, NULL),
(49, '1', 5, NULL),
(50, '2', 5, NULL),
(51, '3', 5, NULL),
(52, '4', 5, NULL),
(53, '5', 5, NULL),
(54, '6', 5, NULL),
(55, '7', 5, NULL),
(56, '8', 5, NULL),
(57, '9', 5, NULL),
(58, '10', 5, NULL),
(59, '11', 5, NULL),
(60, '12', 5, NULL),
(61, '13', 5, NULL),
(62, '14', 5, NULL),
(63, '15', 5, NULL),
(64, '16', 5, NULL),
(65, '17', 5, NULL),
(66, '1', 6, NULL),
(67, '2', 6, NULL),
(68, '3', 6, NULL),
(69, '4', 6, NULL),
(70, '5', 6, NULL),
(71, '6', 6, NULL),
(72, '7', 6, NULL),
(73, '8', 6, NULL),
(74, '9', 6, NULL),
(75, '10', 6, NULL),
(76, '11', 6, NULL),
(77, '12', 6, NULL),
(78, '13', 6, NULL),
(79, '14', 6, NULL),
(80, '15', 6, NULL),
(81, '16', 6, NULL),
(82, '17', 6, NULL),
(83, '1', 7, NULL),
(84, '2', 7, NULL),
(85, '3', 7, NULL),
(86, '4', 7, NULL),
(87, '5', 7, NULL),
(88, '6', 7, NULL),
(89, '7', 7, NULL),
(90, '8', 7, NULL),
(91, '9', 7, NULL),
(92, '10', 7, NULL),
(93, '11', 7, NULL),
(94, '12', 7, NULL),
(95, '13', 7, NULL),
(96, '14', 7, NULL),
(97, '15', 7, NULL),
(98, '16', 7, NULL),
(99, '17', 7, NULL),
(100, '1', 8, NULL),
(101, '2', 8, NULL),
(102, '3', 8, NULL),
(103, '4', 8, NULL),
(104, '5', 8, NULL),
(105, '6', 8, NULL),
(106, '7', 8, NULL),
(107, '8', 8, NULL),
(108, '9', 8, NULL),
(109, '1', 9, NULL),
(110, '2', 9, NULL),
(111, '3', 9, NULL),
(112, '4', 9, NULL),
(113, '5', 9, NULL),
(114, '6', 9, NULL),
(115, '7', 9, NULL),
(116, '8', 9, NULL),
(117, '9', 9, NULL),
(118, '10', 9, NULL),
(119, '11', 9, NULL),
(120, '12', 9, NULL),
(121, '13', 9, NULL);

-- 
-- Dumping data for table vacios_ingresos
--
-- Table sis_invcon.vacios_ingresos does not contain any data (it is empty)

-- 
-- Dumping data for table flota_transporte
--
INSERT INTO flota_transporte VALUES
(1, '122C', 'CRISTIAN ERNESTO GAR', '1928 08990 1804', 'C018BQH', '31748', 'MAERSK', 'Administrador', 1, '2021-03-30', 'MARK', 'PUERTO'),
(2, '117C', 'RONY DE JESUS HERRER', '2283 20143 1801', 'C007BQH', '30232', 'MAERSK', 'Administrador', 1, '2021-03-30', 'MARK', 'PUERTO'),
(3, 'C6', 'MARIO ESTUARDO MORAL', '2635 62298 1801', 'C899BPK', '40893', 'CHIQUITA', 'Administrador', 1, '2021-03-30', 'MARK', 'PUERTO'),
(4, '127C', 'MAYNOR IRAEL MADRID', '2266 89573 1801', 'C990BQB', '39611', NULL, NULL, 1, NULL, 'CHIQUITA', NULL),
(5, 'NA', 'BYRON LOPEZ', '911804', '949BPT', 'NA', NULL, NULL, 1, NULL, 'ORELLANA', NULL),
(6, 'NA', 'WILLIAN AGUILAR', '341801', '570BSQ', 'MAERKS', NULL, NULL, 1, NULL, 'FONTANA', NULL);

-- 
-- Dumping data for table permiso
--
INSERT INTO permiso VALUES
(1, 'dashboard'),
(2, 'acceso'),
(3, 'reportes'),
(4, 'Ingresoc'),
(5, 'Datosm'),
(6, 'ingresov'),
(7, 'ingresomov');

-- 
-- Dumping data for table datostir
--
INSERT INTO datostir VALUES
(1, 'A', 'DFS322', '20''', 'gens', '20', '2021-08-10', '13:30:00', 'Ingreso', 'MARK', 'si', 'FINCAS', True, False, False, False, False, False, False, 'MAERKS', 'prueba de tir', NULL, 0, '0', 1, 3, 1, 'Activo');

-- 
-- Dumping data for table ingreso_maestro
--
INSERT INTO ingreso_maestro VALUES
(1, '2021-03-31', '21:09:17', 'TEMU9080595', 'STARD STANDARD V49', 'VACIO', 'VACIO RF', 'VACIO', 'ALOPSA5490', '21:09:17', 'A', 'BANANO', 438, '2', 4, '0890021297/900020873', 'FINCAS', '2021-03-31', 450.20, 'Asignado', 3, 1),
(2, '2021-04-01', '21:10:27', 'TEMU9080595', 'STARD STANDARD V49', 'VACIO', 'VACIO RF', 'VACIO', 'ALOPSA5490', '21:10:27', 'A', 'BANANO', 43, '1', 2, 'prueba de ingreso', 'FINCAS', '2021-04-01', NULL, 'Asignado', 1, 1),
(3, '2021-04-06', '18:00:37', 'TEMU9488308', 'STARD STANDARD V49', 'VACIO', 'VACIO RF', 'VACIO', 'ALOPSA5483', '18:00:37', 'A', 'SIN PRODUCTO', 9751, '2', 5, 'DESPACHO A FINCAS 2', 'FINCAS', '2021-04-06', 425.60, 'Asignado', 3, 1),
(4, '2021-04-09', '14:59:13', 'TEMU9501349', 'STARD STANDARD V49', 'VACIO', 'VACIO RF', 'VACIO', 'ALOPSA5495', '14:59:13', 'A', 'BANANO', 11, '2', 6, 'DESPACHO A FINCAS', 'FINCAS', '2021-04-09', 255.25, 'Asignado', 2, 1),
(5, '2021-05-14', '14:52:14', 'TEMU9488318', 'STARD STANDARD V50', 'VACIO', 'VACIO RC', 'VACIO', NULL, NULL, NULL, NULL, NULL, NULL, NULL, 'Prueba de ingreso', 'GUATEMALA CIUDAD', NULL, 255.20, 'Asignado', 3, 1),
(6, '2021-06-01', '15:10:25', 'HASU4022597', 'NA', 'VACIO', 'VACIO', 'ALMACENAJE', NULL, NULL, NULL, NULL, NULL, NULL, NULL, '', 'ALOPSA', NULL, 3860.00, 'Asignado', 5, 3),
(7, '2021-06-01', '16:38:55', 'MRKU9202367', 'NA', 'VACIO', 'VACIO', 'ALMACENAJE', NULL, NULL, NULL, NULL, NULL, NULL, NULL, '', 'ALOPSA', NULL, 21170.00, 'Asignado', 6, 3),
(8, '2021-07-09', '15:39:03', 'TEMU9488352', 'STARD STANDARD V51', 'VACIO', 'VACIO RF', 'VACIO', NULL, NULL, NULL, NULL, NULL, NULL, NULL, 'prueba', 'GUATEMALA CIUDAD', NULL, 325.20, 'Exportado', 5, 1);

-- 
-- Dumping data for table fila
--
INSERT INTO fila VALUES
(1, 1, 1),
(2, 2, 1),
(3, 3, 1),
(4, 1, 2),
(5, 2, 2),
(6, 3, 2),
(7, 4, 1),
(8, 5, 1),
(9, 6, 1),
(10, 4, 2),
(11, 5, 2),
(12, 6, 2),
(13, 1, 3),
(14, 2, 3),
(15, 3, 3),
(16, 4, 3),
(17, 5, 3),
(18, 6, 3),
(19, 1, 13),
(20, 2, 13),
(21, 3, 13),
(22, 4, 13),
(23, 5, 13),
(24, 6, 13),
(25, 1, 4),
(26, 2, 4),
(27, 3, 4),
(28, 4, 4),
(29, 5, 4),
(30, 6, 4),
(31, 1, 5),
(32, 2, 5),
(33, 3, 5),
(34, 4, 5),
(35, 5, 5),
(36, 6, 5),
(37, 1, 6),
(38, 2, 6),
(39, 3, 6),
(40, 4, 6),
(41, 5, 6),
(42, 6, 6),
(43, 1, 7),
(44, 2, 7),
(45, 3, 7),
(46, 4, 7),
(47, 5, 7),
(48, 6, 7),
(49, 1, 8),
(50, 2, 8),
(51, 3, 8),
(52, 4, 8),
(53, 5, 8),
(54, 6, 8),
(55, 1, 9),
(56, 2, 9),
(57, 3, 9),
(58, 4, 9),
(59, 5, 9),
(60, 6, 9),
(61, 1, 10),
(62, 2, 10),
(63, 3, 10),
(64, 4, 10),
(65, 5, 10),
(66, 6, 10),
(67, 1, 11),
(68, 2, 11),
(69, 3, 11),
(70, 4, 11),
(71, 5, 11),
(72, 6, 11),
(73, 1, 12),
(74, 2, 12),
(75, 3, 12),
(76, 4, 12),
(77, 5, 12),
(78, 6, 12),
(79, 1, 14),
(80, 2, 14),
(81, 3, 14),
(82, 4, 14),
(83, 5, 14),
(84, 6, 14),
(85, 1, 15),
(86, 2, 15),
(87, 3, 15),
(88, 4, 15),
(89, 5, 15),
(90, 6, 15),
(91, 1, 16),
(92, 2, 16),
(93, 3, 16),
(94, 4, 16),
(95, 5, 16),
(96, 6, 16),
(97, 1, 17),
(98, 2, 17),
(99, 3, 17),
(100, 4, 17),
(101, 5, 17),
(102, 6, 17),
(103, 1, 18),
(104, 2, 18),
(105, 3, 18),
(106, 4, 18),
(107, 5, 18),
(108, 6, 18),
(109, 1, 19),
(110, 2, 19),
(111, 3, 19),
(112, 4, 19),
(113, 5, 19),
(114, 6, 19),
(115, 1, 20),
(116, 2, 20),
(117, 3, 20),
(118, 4, 20),
(119, 5, 20),
(120, 6, 20),
(121, 1, 21),
(122, 2, 21),
(123, 3, 21),
(124, 4, 21),
(125, 5, 21),
(126, 6, 21),
(127, 1, 22),
(128, 2, 22),
(129, 3, 22),
(130, 4, 22),
(131, 5, 22),
(132, 6, 22),
(133, 1, 23),
(134, 2, 23),
(135, 3, 23),
(136, 4, 23),
(137, 5, 23),
(138, 6, 23),
(139, 1, 24),
(140, 2, 24),
(141, 3, 24),
(142, 4, 24),
(143, 5, 24),
(144, 6, 24),
(145, 1, 25),
(146, 2, 25),
(147, 3, 25),
(148, 4, 25),
(149, 5, 25),
(150, 6, 25),
(151, 1, 26),
(152, 2, 26),
(153, 3, 26),
(154, 4, 26),
(155, 5, 26),
(156, 6, 26),
(157, 1, 27),
(158, 2, 27),
(159, 3, 27),
(160, 4, 27),
(161, 5, 27),
(162, 6, 27),
(163, 1, 28),
(164, 2, 28),
(165, 3, 28),
(166, 4, 28),
(167, 5, 28),
(168, 6, 28),
(169, 1, 29),
(170, 2, 29),
(171, 3, 29),
(172, 4, 29),
(173, 5, 29),
(174, 6, 29),
(175, 1, 30),
(176, 2, 30),
(177, 3, 30),
(178, 4, 30),
(179, 5, 30),
(180, 6, 30),
(181, 1, 31),
(182, 2, 31),
(183, 3, 31),
(184, 4, 31),
(185, 5, 31),
(186, 6, 31),
(187, 1, 32),
(188, 2, 32),
(189, 3, 32),
(190, 4, 32),
(191, 5, 32),
(192, 6, 32),
(193, 1, 33),
(194, 2, 33),
(195, 3, 33),
(196, 4, 33),
(197, 5, 33),
(198, 6, 33),
(199, 7, 33),
(200, 1, 34),
(201, 2, 34),
(202, 3, 34),
(203, 4, 34),
(204, 5, 34),
(205, 6, 34),
(206, 7, 34),
(207, 1, 35),
(208, 2, 35),
(209, 3, 35),
(210, 4, 35),
(211, 5, 35),
(212, 6, 35),
(213, 7, 35),
(214, 1, 36),
(215, 2, 36),
(216, 3, 36),
(217, 4, 36),
(218, 5, 36),
(219, 6, 36),
(220, 7, 36),
(221, 1, 37),
(222, 2, 37),
(223, 3, 37),
(224, 4, 37),
(225, 5, 37),
(226, 6, 37),
(227, 7, 37),
(228, 1, 38),
(229, 2, 38),
(230, 3, 38),
(231, 4, 38),
(232, 5, 38),
(233, 6, 38),
(234, 7, 38),
(235, 1, 39),
(236, 2, 39),
(237, 1, 40),
(238, 2, 40),
(239, 1, 41),
(240, 2, 41),
(241, 1, 42),
(242, 2, 42),
(243, 1, 43),
(244, 2, 43),
(245, 1, 44),
(246, 2, 44),
(247, 1, 45),
(248, 2, 45),
(249, 1, 46),
(250, 2, 46),
(251, 1, 47),
(252, 2, 47),
(253, 1, 48),
(254, 2, 48),
(255, 1, 49),
(256, 2, 49),
(257, 3, 49),
(258, 4, 49),
(259, 5, 49),
(260, 1, 50),
(261, 2, 50),
(262, 3, 50),
(263, 4, 50),
(264, 5, 50),
(265, 1, 51),
(266, 2, 51),
(267, 3, 51),
(268, 4, 51),
(269, 5, 51),
(270, 1, 52),
(271, 2, 52),
(272, 3, 52),
(273, 4, 52),
(274, 5, 52),
(275, 1, 53),
(276, 2, 53),
(277, 3, 53),
(278, 4, 53),
(279, 5, 53),
(280, 1, 54),
(281, 2, 54),
(282, 3, 54),
(283, 4, 54),
(284, 5, 54),
(285, 1, 55),
(286, 2, 55),
(287, 3, 55),
(288, 4, 55),
(289, 5, 55),
(290, 1, 56),
(291, 2, 56),
(292, 3, 56),
(293, 4, 56),
(294, 5, 56),
(295, 1, 57),
(296, 2, 57),
(297, 3, 57),
(298, 4, 57),
(299, 5, 57),
(300, 1, 58),
(301, 2, 58),
(302, 3, 58),
(303, 4, 58),
(304, 5, 58),
(305, 1, 59),
(306, 2, 59),
(307, 3, 59),
(308, 4, 59),
(309, 5, 59),
(310, 1, 60),
(311, 2, 60),
(312, 3, 60),
(313, 4, 60),
(314, 5, 60),
(315, 1, 61),
(316, 2, 61),
(317, 3, 61),
(318, 4, 61),
(319, 5, 61),
(320, 1, 62),
(321, 2, 62),
(322, 3, 62),
(323, 4, 62),
(324, 5, 62),
(325, 1, 63),
(326, 2, 63),
(327, 3, 63),
(328, 4, 63),
(329, 5, 63),
(330, 1, 64),
(331, 2, 64),
(332, 3, 64),
(333, 4, 64),
(334, 5, 64),
(335, 1, 65),
(336, 2, 65),
(337, 3, 65),
(338, 4, 65),
(339, 5, 65),
(340, 1, 66),
(341, 2, 66),
(342, 3, 66),
(343, 4, 66),
(344, 5, 66),
(345, 6, 66),
(346, 7, 66),
(347, 8, 66),
(348, 9, 66),
(349, 10, 66),
(350, 1, 67),
(351, 2, 67),
(352, 3, 67),
(353, 4, 67),
(354, 5, 67),
(355, 6, 67),
(356, 7, 67),
(357, 8, 67),
(358, 9, 67),
(359, 10, 67),
(360, 1, 68),
(361, 2, 68),
(362, 3, 68),
(363, 4, 68),
(364, 5, 68),
(365, 6, 68),
(366, 7, 68),
(367, 8, 68),
(368, 9, 68),
(369, 10, 68),
(370, 1, 69),
(371, 2, 69),
(372, 3, 69),
(373, 4, 69),
(374, 5, 69),
(375, 6, 69),
(376, 7, 69),
(377, 8, 69),
(378, 9, 69),
(379, 10, 69),
(380, 1, 70),
(381, 2, 70),
(382, 3, 70),
(383, 4, 70),
(384, 5, 70),
(385, 6, 70),
(386, 7, 70),
(387, 8, 70),
(388, 9, 70),
(389, 10, 70),
(390, 1, 71),
(391, 2, 71),
(392, 3, 71),
(393, 4, 71),
(394, 5, 71),
(395, 6, 71),
(396, 7, 71),
(397, 8, 71),
(398, 9, 71),
(399, 10, 71),
(400, 1, 72),
(401, 2, 72),
(402, 3, 72),
(403, 4, 72),
(404, 5, 72),
(405, 6, 72),
(406, 7, 72),
(407, 8, 72),
(408, 9, 72),
(409, 10, 72),
(410, 1, 73),
(411, 2, 73),
(412, 3, 73),
(413, 4, 73),
(414, 5, 73),
(415, 6, 73),
(416, 7, 73),
(417, 8, 73),
(418, 9, 73),
(419, 10, 73),
(420, 1, 74),
(421, 2, 74),
(422, 3, 74),
(423, 4, 74),
(424, 5, 74),
(425, 6, 74),
(426, 7, 74),
(427, 8, 74),
(428, 9, 74),
(429, 10, 74),
(430, 1, 75),
(431, 2, 75),
(432, 3, 75),
(433, 4, 75),
(434, 5, 75),
(435, 6, 75),
(436, 7, 75),
(437, 8, 75),
(438, 9, 75),
(439, 1, 76),
(440, 2, 76),
(441, 3, 76),
(442, 4, 76),
(443, 5, 76),
(444, 6, 76),
(445, 7, 76),
(446, 8, 76),
(447, 9, 76),
(448, 1, 77),
(449, 2, 77),
(450, 3, 77),
(451, 4, 77),
(452, 5, 77),
(453, 6, 77),
(454, 7, 77),
(455, 8, 77),
(456, 9, 77),
(457, 1, 78),
(458, 2, 78),
(459, 3, 78),
(460, 4, 78),
(461, 5, 78),
(462, 6, 78),
(463, 7, 78),
(464, 8, 78),
(465, 9, 78),
(466, 1, 79),
(467, 2, 79),
(468, 3, 79),
(469, 4, 79),
(470, 5, 79),
(471, 6, 79),
(472, 7, 79),
(473, 8, 79),
(474, 9, 79),
(475, 1, 80),
(476, 2, 80),
(477, 3, 80),
(478, 4, 80),
(479, 5, 80),
(480, 6, 80),
(481, 7, 80),
(482, 8, 80),
(483, 9, 80),
(484, 1, 81),
(485, 2, 81),
(486, 3, 81),
(487, 4, 81),
(488, 6, 81),
(489, 7, 81),
(490, 8, 81),
(491, 9, 81),
(492, 1, 82),
(493, 2, 82),
(494, 3, 82),
(495, 4, 82),
(496, 5, 82),
(497, 6, 82),
(498, 7, 82),
(499, 8, 82),
(500, 9, 82),
(501, 1, 83),
(502, 2, 83),
(503, 3, 83),
(504, 4, 83),
(505, 5, 83),
(506, 6, 83),
(507, 7, 83),
(508, 1, 84),
(509, 2, 84),
(510, 3, 84),
(511, 4, 84),
(512, 5, 84),
(513, 6, 84),
(514, 7, 84),
(515, 1, 85),
(516, 2, 85),
(517, 3, 85),
(518, 4, 85),
(519, 5, 85),
(520, 6, 85),
(521, 7, 85),
(522, 1, 86),
(523, 2, 86),
(524, 3, 86),
(525, 4, 84),
(526, 5, 86),
(527, 6, 86),
(528, 7, 86),
(529, 1, 87),
(530, 2, 87),
(531, 3, 87),
(532, 4, 87),
(533, 5, 87),
(534, 6, 87),
(535, 7, 87),
(536, 1, 88),
(537, 2, 88),
(538, 3, 88),
(539, 4, 88),
(540, 5, 88),
(541, 6, 88),
(542, 7, 88),
(543, 1, 89),
(544, 2, 89),
(545, 3, 89),
(546, 4, 89),
(547, 5, 89),
(548, 6, 89),
(549, 7, 89),
(550, 1, 90),
(551, 2, 90),
(552, 3, 90),
(553, 4, 90),
(554, 5, 90),
(555, 6, 90),
(556, 7, 90),
(557, 1, 91),
(558, 2, 91),
(559, 3, 91),
(560, 4, 91),
(561, 5, 91),
(562, 6, 91),
(563, 7, 91),
(564, 1, 92),
(565, 2, 92),
(566, 3, 92),
(567, 4, 92),
(568, 5, 92),
(569, 6, 92),
(570, 7, 92),
(571, 1, 93),
(572, 2, 93),
(573, 3, 93),
(574, 4, 93),
(575, 5, 93),
(576, 6, 93),
(577, 7, 93),
(578, 1, 94),
(579, 2, 94),
(580, 3, 94),
(581, 4, 94),
(582, 5, 94),
(583, 6, 94),
(584, 7, 94),
(585, 1, 95),
(586, 2, 95),
(587, 3, 95),
(588, 4, 95),
(589, 5, 95),
(590, 6, 95),
(591, 7, 95),
(592, 1, 96),
(593, 2, 96),
(594, 3, 96),
(595, 4, 96),
(596, 5, 96),
(597, 6, 96),
(598, 7, 96),
(599, 1, 97),
(600, 2, 97),
(601, 3, 97),
(602, 4, 97),
(603, 5, 97),
(604, 6, 97),
(605, 7, 97),
(606, 1, 98),
(607, 2, 98),
(608, 3, 98),
(609, 4, 98),
(610, 5, 98),
(611, 6, 98),
(612, 7, 98),
(613, 1, 99),
(614, 2, 99),
(615, 3, 99),
(616, 4, 99),
(617, 5, 99),
(618, 6, 99),
(619, 7, 99),
(620, 1, 100),
(621, 2, 100),
(622, 3, 100),
(623, 4, 100),
(624, 5, 100),
(625, 6, 100),
(626, 7, 100),
(627, 8, 100),
(628, 9, 100),
(629, 10, 100),
(630, 11, 100),
(631, 12, 100),
(632, 13, 100),
(633, 14, 100),
(634, 15, 100),
(635, 1, 101),
(636, 2, 101),
(637, 3, 101),
(638, 4, 101),
(639, 5, 101),
(640, 6, 101),
(641, 7, 101),
(642, 8, 101),
(643, 9, 101),
(644, 10, 101),
(645, 11, 101),
(646, 12, 101),
(647, 13, 101),
(648, 14, 101),
(649, 15, 101),
(650, 1, 102),
(651, 2, 102),
(652, 3, 102),
(653, 4, 102),
(654, 5, 102),
(655, 6, 102),
(656, 7, 102),
(657, 8, 102),
(658, 9, 102),
(659, 10, 102),
(660, 11, 102),
(661, 12, 102),
(662, 13, 102),
(663, 14, 102),
(664, 15, 102),
(665, 1, 103),
(666, 2, 103),
(667, 3, 103),
(668, 4, 103),
(669, 5, 103),
(670, 6, 103),
(671, 7, 103),
(672, 8, 103),
(673, 9, 103),
(674, 10, 103),
(675, 11, 103),
(676, 12, 103),
(677, 13, 103),
(680, 14, 103),
(681, 15, 103),
(682, 1, 104),
(683, 2, 104),
(684, 3, 104),
(685, 4, 104),
(686, 5, 104),
(687, 6, 104),
(688, 7, 104),
(689, 8, 104),
(690, 9, 104),
(691, 10, 104),
(692, 11, 104),
(693, 12, 104),
(694, 13, 104),
(695, 14, 104),
(696, 15, 104),
(697, 1, 105),
(698, 2, 105),
(699, 3, 105),
(700, 4, 105),
(701, 5, 105),
(702, 6, 105),
(703, 7, 105),
(704, 8, 105),
(705, 9, 105),
(706, 10, 105),
(707, 11, 105),
(708, 12, 105),
(709, 13, 105),
(710, 14, 105),
(711, 15, 105),
(712, 1, 106),
(713, 2, 106),
(714, 3, 106),
(715, 4, 106),
(716, 5, 106),
(717, 6, 106),
(718, 7, 106),
(719, 8, 106),
(720, 9, 106),
(721, 10, 106),
(722, 11, 106),
(723, 12, 106),
(724, 13, 106),
(725, 14, 106),
(726, 15, 106),
(727, 1, 107),
(728, 2, 107),
(729, 3, 107),
(730, 4, 107),
(731, 5, 107),
(732, 6, 107),
(733, 7, 107),
(734, 8, 107),
(735, 9, 107),
(736, 10, 107),
(737, 11, 107),
(738, 12, 107),
(739, 13, 107),
(740, 14, 107),
(741, 15, 107),
(742, 1, 108),
(743, 2, 108),
(744, 3, 108),
(745, 4, 108),
(746, 5, 108),
(747, 6, 108),
(748, 7, 108),
(749, 8, 108),
(750, 9, 108),
(751, 10, 108),
(752, 11, 108),
(753, 12, 108),
(754, 13, 108),
(755, 14, 108),
(756, 15, 108),
(757, 1, 109),
(758, 2, 109),
(759, 3, 109),
(760, 4, 109),
(761, 5, 109),
(762, 6, 109),
(763, 7, 109),
(764, 8, 109),
(765, 9, 109),
(766, 10, 109),
(767, 11, 109),
(768, 12, 109),
(769, 1, 110),
(770, 2, 110),
(771, 3, 110),
(772, 4, 110),
(773, 5, 110),
(774, 6, 110),
(775, 7, 110),
(776, 8, 110),
(777, 9, 110),
(778, 10, 110),
(779, 11, 110),
(780, 12, 110),
(781, 1, 111),
(782, 2, 111),
(783, 3, 111),
(784, 4, 111),
(785, 5, 111),
(786, 6, 111),
(787, 7, 111),
(788, 8, 111),
(789, 9, 111),
(790, 10, 111),
(791, 11, 111),
(792, 12, 111),
(793, 1, 112),
(794, 2, 112),
(795, 3, 112),
(796, 4, 112),
(797, 5, 112),
(798, 6, 112),
(799, 7, 112),
(800, 8, 112),
(801, 9, 112),
(802, 10, 112),
(803, 11, 112),
(804, 12, 112),
(805, 1, 113),
(806, 2, 113),
(807, 3, 113),
(808, 4, 113),
(809, 5, 113),
(810, 6, 113),
(811, 7, 113),
(812, 8, 113),
(813, 9, 113),
(814, 10, 113),
(815, 11, 113),
(816, 12, 113),
(817, 1, 114),
(818, 2, 114),
(819, 3, 114),
(820, 4, 114),
(821, 5, 114),
(822, 6, 114),
(823, 7, 114),
(824, 8, 114),
(825, 9, 114),
(826, 10, 114),
(827, 11, 114),
(828, 12, 114),
(829, 1, 115),
(830, 2, 115),
(831, 3, 115),
(832, 4, 115),
(833, 5, 115),
(834, 6, 115),
(835, 7, 115),
(836, 8, 115),
(837, 9, 115),
(838, 10, 115),
(839, 11, 115),
(840, 12, 115),
(841, 1, 116),
(842, 2, 116),
(843, 3, 116),
(844, 4, 116),
(845, 5, 116),
(846, 6, 116),
(847, 7, 116),
(848, 8, 116),
(849, 9, 116),
(850, 10, 116),
(851, 11, 116),
(852, 12, 116),
(853, 1, 117),
(854, 2, 117),
(855, 3, 117),
(856, 4, 117),
(857, 5, 117),
(858, 6, 117),
(859, 7, 117),
(860, 8, 117),
(861, 9, 117),
(862, 10, 117),
(863, 11, 117),
(864, 12, 117),
(865, 1, 118),
(866, 2, 118),
(867, 3, 118),
(868, 4, 118),
(869, 5, 118),
(870, 6, 118),
(871, 7, 118),
(872, 8, 118),
(873, 9, 118),
(874, 10, 118),
(875, 11, 118),
(876, 12, 118),
(877, 1, 119),
(878, 2, 119),
(879, 3, 119),
(880, 4, 119),
(881, 5, 119),
(882, 6, 119),
(883, 7, 119),
(884, 8, 119),
(885, 9, 119),
(886, 10, 119),
(887, 11, 119),
(888, 12, 119),
(889, 1, 120),
(890, 2, 120),
(891, 3, 120),
(892, 4, 120),
(893, 5, 120),
(894, 6, 120),
(895, 7, 120),
(896, 8, 120),
(897, 9, 120),
(898, 10, 120),
(899, 11, 120),
(900, 12, 120),
(901, 1, 121),
(902, 2, 121),
(903, 3, 121),
(904, 4, 121),
(905, 5, 121),
(906, 6, 121),
(907, 7, 121),
(908, 8, 121),
(909, 9, 121),
(910, 10, 121),
(911, 11, 121),
(912, 12, 121);

-- 
-- Dumping data for table vacios_flota
--
-- Table sis_invcon.vacios_flota does not contain any data (it is empty)

-- 
-- Dumping data for table vacios_despachos
--
-- Table sis_invcon.vacios_despachos does not contain any data (it is empty)

-- 
-- Dumping data for table usuario_permiso
--
INSERT INTO usuario_permiso VALUES
(19, 2, 1),
(20, 2, 2),
(21, 2, 5),
(22, 2, 6),
(23, 3, 1),
(24, 3, 4),
(25, 3, 5),
(26, 3, 6),
(27, 3, 7),
(28, 1, 1),
(29, 1, 2),
(30, 1, 3),
(31, 1, 4),
(32, 1, 5),
(33, 1, 7);

-- 
-- Dumping data for table usuarios_activos
--
INSERT INTO usuarios_activos VALUES
(48, '1', 'Administrador', '2021-08-10', '13:28:00');

-- 
-- Dumping data for table tipocontenedor
--
INSERT INTO tipocontenedor VALUES
(1, '20 STD'),
(2, '40 STD'),
(3, '40 HC'),
(4, '45 HC'),
(5, 'FLAT RACK'),
(6, 'OPEN TOP'),
(7, 'ISO TANK');

-- 
-- Dumping data for table tamaniochasis
--
INSERT INTO tamaniochasis VALUES
(1, '20'''),
(2, '40'''),
(3, '40'' - 45'''),
(4, '45''');

-- 
-- Dumping data for table movimientosc
--
-- Table sis_invcon.movimientosc does not contain any data (it is empty)

-- 
-- Dumping data for table movimientos
--
-- Table sis_invcon.movimientos does not contain any data (it is empty)

-- 
-- Dumping data for table monitoreo
--
-- Table sis_invcon.monitoreo does not contain any data (it is empty)

-- 
-- Dumping data for table medida_contenedores
--
INSERT INTO medida_contenedores VALUES
(1, '20'),
(2, '45'),
(3, '20DC'),
(4, '20DRY'),
(5, '20HC'),
(6, '40DC'),
(7, '40HC'),
(8, '40RF'),
(9, '45HC');

-- 
-- Dumping data for table fallas_tir
--
INSERT INTO fallas_tir VALUES
(1, 1, 'Exterior', 'SUCIO', True, 'No Aplica', 'prueba'),
(2, 1, 'Interior', 'MAL OLOR', True, 'No Aplica', 'prueba');

-- 
-- Dumping data for table exportacion
--
-- Table sis_invcon.exportacion does not contain any data (it is empty)

-- 
-- Dumping data for table envios
--
-- Table sis_invcon.envios does not contain any data (it is empty)

-- 
-- Dumping data for table dfallatir
--
INSERT INTO dfallatir VALUES
(1, 'int', 'SUCIO'),
(2, 'int', 'MAL OLOR'),
(3, 'int', 'RAYADURA'),
(4, 'puerta', 'EMPAQUE'),
(5, 'puerta', 'MANIJAS'),
(6, 'puerta', 'VISAGRAS'),
(7, 'chasis', 'LUCES'),
(8, 'chasis', 'PATAS'),
(9, 'chasis', 'FRENOS'),
(10, 'chasis', 'OTROS'),
(11, 'llantas', 'ADELANTE'),
(12, 'llantas', 'ATRAS'),
(13, 'marcham', 'ADELANTE'),
(14, 'marcham', 'ATRAS'),
(15, 'ext', 'SUCIO'),
(16, 'ext', 'MAL OLOR'),
(17, 'ext', 'RAYADURA'),
(18, 'ext', 'GOLPE'),
(19, 'ext', 'AGUJERO'),
(20, 'ext', 'MANCHAS'),
(21, 'ext', 'OXIDO'),
(22, 'int', 'GOLPE'),
(23, 'int', 'AGUJERO'),
(24, 'int', 'MANCHAS'),
(25, 'int', 'OXIDO'),
(26, 'puerta', 'BARRAS'),
(27, 'puerta', 'OTROS');

-- 
-- Dumping data for table desconexion
--
-- Table sis_invcon.desconexion does not contain any data (it is empty)

-- 
-- Dumping data for table contenedor_posicion_patio
--
-- Table sis_invcon.contenedor_posicion_patio does not contain any data (it is empty)

-- 
-- Dumping data for table conexion
--
-- Table sis_invcon.conexion does not contain any data (it is empty)

-- 
-- Dumping data for table bitacora
--
INSERT INTO bitacora VALUES
(1, 'Salida', '2021-08-10', '13:02:26', 'Administrador', 'Finalizacion de session', ''),
(2, 'Ingreso', '2021-08-10', '13:02:34', 'Administrador', 'Inicio de Sesion-Ingreso al sistema', ''),
(3, 'Salida', '2021-08-10', '13:03:01', 'Administrador', 'Finalizacion de session', ''),
(4, 'Ingreso', '2021-08-10', '13:28:00', 'Administrador', 'Inicio de Sesion-Ingreso al sistema', ''),
(5, 'Insertar', '2021/08/10', '13:35:04', 'Administrador', 'Se Inserta TIR numero 1', 'datostir');

-- 
-- Dumping data for table asignaciones
--
-- Table sis_invcon.asignaciones does not contain any data (it is empty)

-- 
-- Dumping data for table altura_predio
--
INSERT INTO altura_predio VALUES
(1, 1, 1, 'Sin Asignar', 0),
(2, 2, 1, 'Sin Asignar', 0),
(3, 3, 1, 'Sin Asignar', 0),
(4, 4, 1, 'Sin Asignar', 0),
(5, 5, 1, 'Sin Asignar', 0),
(6, 1, 2, 'Sin Asignar', 0),
(7, 2, 2, 'Sin Asignar', 0),
(8, 3, 2, 'Sin Asignar', 0),
(9, 4, 2, 'Sin Asignar', 0),
(10, 5, 2, 'Sin Asignar', 0),
(11, 1, 3, 'Sin Asignar', 0),
(12, 2, 3, 'Sin Asignar', 0),
(13, 3, 3, 'Sin Asignar', 0),
(14, 4, 3, 'Sin Asignar', 0),
(15, 5, 3, 'Sin Asignar', 0),
(16, 1, 4, 'Sin Asignar', 0),
(17, 2, 4, 'Sin Asignar', 0),
(18, 3, 4, 'Sin Asignar', 0),
(19, 4, 4, 'Sin Asignar', 0),
(20, 5, 4, 'Sin Asignar', 0),
(21, 1, 5, 'Sin Asignar', 0),
(22, 2, 5, 'Sin Asignar', 0),
(23, 3, 5, 'Sin Asignar', 0),
(24, 4, 5, 'Sin Asignar', 0),
(25, 5, 5, 'Sin Asignar', 0),
(26, 1, 6, 'Sin Asignar', 0),
(27, 2, 6, 'Sin Asignar', 0),
(28, 3, 6, 'Sin Asignar', 0),
(29, 4, 6, 'Sin Asignar', 0),
(30, 5, 6, 'Sin Asignar', 0),
(31, 1, 7, 'Sin Asignar', 0),
(32, 2, 7, 'Sin Asignar', 0),
(33, 3, 7, 'Sin Asignar', 0),
(34, 4, 7, 'Sin Asignar', 0),
(35, 5, 7, 'Sin Asignar', 0),
(36, 1, 8, 'Sin Asignar', 0),
(37, 2, 8, 'Sin Asignar', 0),
(38, 3, 8, 'Sin Asignar', 0),
(39, 4, 8, 'Sin Asignar', 0),
(40, 5, 8, 'Sin Asignar', 0),
(41, 1, 9, 'Sin Asignar', 0),
(42, 2, 9, 'Sin Asignar', 0),
(43, 3, 9, 'Sin Asignar', 0),
(44, 4, 9, 'Sin Asignar', 0),
(45, 5, 9, 'Sin Asignar', 0),
(46, 1, 10, 'Sin Asignar', 0),
(47, 2, 10, 'Sin Asignar', 0),
(48, 3, 10, 'Sin Asignar', 0),
(49, 4, 10, 'Sin Asignar', 0),
(50, 5, 10, 'Sin Asignar', 0),
(51, 1, 11, 'Sin Asignar', 0),
(52, 2, 11, 'Sin Asignar', 0),
(53, 3, 11, 'Sin Asignar', 0),
(54, 4, 11, 'Sin Asignar', 0),
(55, 5, 11, 'Sin Asignar', 0),
(56, 1, 12, 'Sin Asignar', 0),
(57, 2, 12, 'Sin Asignar', 0),
(58, 3, 12, 'Sin Asignar', 0),
(59, 4, 12, 'Sin Asignar', 0),
(60, 5, 12, 'Sin Asignar', 0),
(61, 1, 13, 'Sin Asignar', 0),
(62, 2, 13, 'Sin Asignar', 0),
(63, 3, 13, 'Sin Asignar', 0),
(64, 4, 13, 'Sin Asignar', 0),
(65, 5, 13, 'Sin Asignar', 0),
(66, 1, 14, 'Sin Asignar', 0),
(67, 2, 14, 'Sin Asignar', 0),
(68, 3, 14, 'Sin Asignar', 0),
(69, 4, 14, 'Sin Asignar', 0),
(70, 5, 14, 'Sin Asignar', 0),
(71, 1, 15, 'Sin Asignar', 0),
(72, 2, 15, 'Sin Asignar', 0),
(73, 3, 15, 'Sin Asignar', 0),
(74, 4, 15, 'Sin Asignar', 0),
(75, 5, 15, 'Sin Asignar', 0),
(76, 1, 16, 'Sin Asignar', 0),
(77, 2, 16, 'Sin Asignar', 0),
(78, 3, 16, 'Sin Asignar', 0),
(79, 4, 16, 'Sin Asignar', 0),
(80, 5, 16, 'Sin Asignar', 0),
(81, 1, 17, 'Sin Asignar', 0),
(82, 2, 17, 'Sin Asignar', 0),
(83, 3, 17, 'Sin Asignar', 0),
(84, 4, 17, 'Sin Asignar', 0),
(85, 5, 17, 'Sin Asignar', 0),
(86, 1, 18, 'Sin Asignar', 0),
(87, 2, 18, 'Sin Asignar', 0),
(88, 3, 18, 'Sin Asignar', 0),
(89, 4, 18, 'Sin Asignar', 0),
(90, 5, 18, 'Sin Asignar', 0),
(91, 1, 19, 'Sin Asignar', 0),
(92, 2, 19, 'Sin Asignar', 0),
(93, 3, 19, 'Sin Asignar', 0),
(94, 4, 19, 'Sin Asignar', 0),
(95, 5, 19, 'Sin Asignar', 0),
(96, 1, 20, 'Sin Asignar', 0),
(97, 2, 20, 'Sin Asignar', 0),
(98, 3, 20, 'Sin Asignar', 0),
(99, 4, 20, 'Sin Asignar', 0),
(100, 5, 20, 'Sin Asignar', 0),
(101, 1, 21, 'Sin Asignar', 0),
(102, 2, 21, 'Sin Asignar', 0),
(103, 3, 21, 'Sin Asignar', 0),
(104, 4, 21, 'Sin Asignar', 0),
(105, 5, 21, 'Sin Asignar', 0),
(106, 1, 22, 'Sin Asignar', 0),
(107, 2, 22, 'Sin Asignar', 0),
(108, 3, 22, 'Sin Asignar', 0),
(109, 4, 22, 'Sin Asignar', 0),
(110, 5, 22, 'Sin Asignar', 0),
(111, 1, 23, 'Sin Asignar', 0),
(112, 2, 23, 'Sin Asignar', 0),
(113, 3, 23, 'Sin Asignar', 0),
(114, 4, 23, 'Sin Asignar', 0),
(115, 5, 23, 'Sin Asignar', 0),
(116, 1, 24, 'Sin Asignar', 0),
(117, 2, 24, 'Sin Asignar', 0),
(118, 3, 24, 'Sin Asignar', 0),
(119, 4, 24, 'Sin Asignar', 0),
(120, 5, 24, 'Sin Asignar', 0),
(121, 1, 25, 'Sin Asignar', 0),
(122, 2, 25, 'Sin Asignar', 0),
(123, 3, 25, 'Sin Asignar', 0),
(124, 4, 25, 'Sin Asignar', 0),
(125, 5, 25, 'Sin Asignar', 0),
(126, 1, 26, 'Sin Asignar', 0),
(127, 2, 26, 'Sin Asignar', 0),
(128, 3, 26, 'Sin Asignar', 0),
(129, 4, 26, 'Sin Asignar', 0),
(130, 5, 26, 'Sin Asignar', 0),
(131, 1, 27, 'Sin Asignar', 0),
(132, 2, 27, 'Sin Asignar', 0),
(133, 3, 27, 'Sin Asignar', 0),
(134, 4, 27, 'Sin Asignar', 0),
(135, 5, 27, 'Sin Asignar', 0),
(136, 1, 28, 'Sin Asignar', 0),
(137, 2, 28, 'Sin Asignar', 0),
(138, 3, 28, 'Sin Asignar', 0),
(139, 4, 28, 'Sin Asignar', 0),
(140, 5, 28, 'Sin Asignar', 0),
(141, 1, 29, 'Sin Asignar', 0),
(142, 2, 29, 'Sin Asignar', 0),
(143, 3, 29, 'Sin Asignar', 0),
(144, 4, 29, 'Sin Asignar', 0),
(145, 5, 29, 'Sin Asignar', 0),
(146, 1, 30, 'Sin Asignar', 0),
(147, 2, 30, 'Sin Asignar', 0),
(148, 3, 30, 'Sin Asignar', 0),
(149, 4, 30, 'Sin Asignar', 0),
(150, 5, 30, 'Sin Asignar', 0),
(151, 1, 31, 'Sin Asignar', 0),
(152, 2, 31, 'Sin Asignar', 0),
(153, 3, 31, 'Sin Asignar', 0),
(154, 4, 31, 'Sin Asignar', 0),
(155, 5, 31, 'Sin Asignar', 0),
(156, 1, 32, 'Sin Asignar', 0),
(157, 2, 32, 'Sin Asignar', 0),
(158, 3, 32, 'Sin Asignar', 0),
(159, 4, 32, 'Sin Asignar', 0),
(160, 5, 32, 'Sin Asignar', 0),
(161, 1, 33, 'Sin Asignar', 0),
(162, 2, 33, 'Sin Asignar', 0),
(163, 3, 33, 'Sin Asignar', 0),
(164, 4, 33, 'Sin Asignar', 0),
(165, 5, 33, 'Sin Asignar', 0),
(166, 1, 34, 'Sin Asignar', 0),
(167, 2, 34, 'Sin Asignar', 0),
(168, 3, 34, 'Sin Asignar', 0),
(169, 4, 34, 'Sin Asignar', 0),
(170, 5, 34, 'Sin Asignar', 0),
(171, 1, 35, 'Sin Asignar', 0),
(172, 2, 35, 'Sin Asignar', 0),
(173, 3, 35, 'Sin Asignar', 0),
(174, 4, 35, 'Sin Asignar', 0),
(175, 5, 35, 'Sin Asignar', 0),
(176, 1, 36, 'Sin Asignar', 0),
(177, 2, 36, 'Sin Asignar', 0),
(178, 3, 36, 'Sin Asignar', 0),
(179, 4, 36, 'Sin Asignar', 0),
(180, 5, 36, 'Sin Asignar', 0),
(181, 1, 37, 'Sin Asignar', 0),
(182, 2, 37, 'Sin Asignar', 0),
(183, 3, 37, 'Sin Asignar', 0),
(184, 4, 37, 'Sin Asignar', 0),
(185, 5, 37, 'Sin Asignar', 0),
(186, 1, 38, 'Sin Asignar', 0),
(187, 2, 38, 'Sin Asignar', 0),
(188, 3, 38, 'Sin Asignar', 0),
(189, 4, 38, 'Sin Asignar', 0),
(190, 5, 38, 'Sin Asignar', 0),
(191, 1, 39, 'Sin Asignar', 0),
(192, 2, 39, 'Sin Asignar', 0),
(193, 3, 39, 'Sin Asignar', 0),
(194, 4, 39, 'Sin Asignar', 0),
(195, 5, 39, 'Sin Asignar', 0),
(196, 1, 40, 'Sin Asignar', 0),
(197, 2, 40, 'Sin Asignar', 0),
(198, 3, 40, 'Sin Asignar', 0),
(199, 4, 40, 'Sin Asignar', 0),
(200, 5, 40, 'Sin Asignar', 0),
(201, 1, 41, 'Sin Asignar', 0),
(202, 2, 41, 'Sin Asignar', 0),
(203, 3, 41, 'Sin Asignar', 0),
(204, 4, 41, 'Sin Asignar', 0),
(205, 5, 41, 'Sin Asignar', 0),
(206, 1, 42, 'Sin Asignar', 0),
(207, 2, 42, 'Sin Asignar', 0),
(208, 3, 42, 'Sin Asignar', 0),
(209, 4, 42, 'Sin Asignar', 0),
(210, 5, 42, 'Sin Asignar', 0),
(211, 1, 43, 'Sin Asignar', 0),
(212, 2, 43, 'Sin Asignar', 0),
(213, 3, 43, 'Sin Asignar', 0),
(214, 4, 43, 'Sin Asignar', 0),
(215, 5, 43, 'Sin Asignar', 0),
(216, 1, 44, 'Sin Asignar', 0),
(217, 2, 44, 'Sin Asignar', 0),
(218, 3, 44, 'Sin Asignar', 0),
(219, 4, 44, 'Sin Asignar', 0),
(220, 5, 44, 'Sin Asignar', 0),
(221, 1, 45, 'Sin Asignar', 0),
(222, 2, 45, 'Sin Asignar', 0),
(223, 3, 45, 'Sin Asignar', 0),
(224, 4, 45, 'Sin Asignar', 0),
(225, 5, 45, 'Sin Asignar', 0),
(226, 1, 46, 'Sin Asignar', 0),
(227, 2, 46, 'Sin Asignar', 0),
(228, 3, 46, 'Sin Asignar', 0),
(229, 4, 46, 'Sin Asignar', 0),
(230, 5, 46, 'Sin Asignar', 0),
(231, 1, 47, 'Sin Asignar', 0),
(232, 2, 47, 'Sin Asignar', 0),
(233, 3, 47, 'Sin Asignar', 0),
(234, 4, 47, 'Sin Asignar', 0),
(235, 5, 47, 'Sin Asignar', 0),
(236, 1, 48, 'Sin Asignar', 0),
(237, 2, 48, 'Sin Asignar', 0),
(238, 3, 48, 'Sin Asignar', 0),
(239, 4, 48, 'Sin Asignar', 0),
(240, 5, 48, 'Sin Asignar', 0),
(241, 1, 49, 'Sin Asignar', 0),
(242, 2, 49, 'Sin Asignar', 0),
(243, 3, 49, 'Sin Asignar', 0),
(244, 4, 49, 'Sin Asignar', 0),
(245, 5, 49, 'Sin Asignar', 0),
(246, 1, 50, 'Sin Asignar', 0),
(247, 2, 50, 'Sin Asignar', 0),
(248, 3, 50, 'Sin Asignar', 0),
(249, 4, 50, 'Sin Asignar', 0),
(250, 5, 50, 'Sin Asignar', 0),
(251, 1, 51, 'Sin Asignar', 0),
(252, 2, 51, 'Sin Asignar', 0),
(253, 3, 51, 'Sin Asignar', 0),
(254, 4, 51, 'Sin Asignar', 0),
(255, 5, 51, 'Sin Asignar', 0),
(256, 1, 52, 'Sin Asignar', 0),
(257, 2, 52, 'Sin Asignar', 0),
(258, 3, 52, 'Sin Asignar', 0),
(259, 4, 52, 'Sin Asignar', 0),
(260, 5, 52, 'Sin Asignar', 0),
(261, 1, 53, 'Sin Asignar', 0),
(262, 2, 53, 'Sin Asignar', 0),
(263, 3, 53, 'Sin Asignar', 0),
(264, 4, 53, 'Sin Asignar', 0),
(265, 5, 53, 'Sin Asignar', 0),
(266, 1, 54, 'Sin Asignar', 0),
(267, 2, 54, 'Sin Asignar', 0),
(268, 3, 54, 'Sin Asignar', 0),
(269, 4, 54, 'Sin Asignar', 0),
(270, 5, 54, 'Sin Asignar', 0),
(271, 1, 55, 'Sin Asignar', 0),
(272, 2, 55, 'Sin Asignar', 0),
(273, 3, 55, 'Sin Asignar', 0),
(274, 4, 55, 'Sin Asignar', 0),
(275, 5, 55, 'Sin Asignar', 0),
(276, 1, 56, 'Sin Asignar', 0),
(277, 2, 56, 'Sin Asignar', 0),
(278, 3, 56, 'Sin Asignar', 0),
(279, 4, 56, 'Sin Asignar', 0),
(280, 5, 56, 'Sin Asignar', 0),
(281, 1, 57, 'Sin Asignar', 0),
(282, 2, 57, 'Sin Asignar', 0),
(283, 3, 57, 'Sin Asignar', 0),
(284, 4, 57, 'Sin Asignar', 0),
(285, 5, 57, 'Sin Asignar', 0),
(286, 1, 58, 'Sin Asignar', 0),
(287, 2, 58, 'Sin Asignar', 0),
(288, 3, 58, 'Sin Asignar', 0),
(289, 4, 58, 'Sin Asignar', 0),
(290, 5, 58, 'Sin Asignar', 0),
(291, 1, 59, 'Sin Asignar', 0),
(292, 2, 59, 'Sin Asignar', 0),
(293, 3, 59, 'Sin Asignar', 0),
(294, 4, 59, 'Sin Asignar', 0),
(295, 5, 59, 'Sin Asignar', 0),
(296, 1, 60, 'Sin Asignar', 0),
(297, 2, 60, 'Sin Asignar', 0),
(298, 3, 60, 'Sin Asignar', 0),
(299, 4, 60, 'Sin Asignar', 0),
(300, 5, 60, 'Sin Asignar', 0),
(301, 1, 61, 'Sin Asignar', 0),
(302, 2, 61, 'Sin Asignar', 0),
(303, 3, 61, 'Sin Asignar', 0),
(304, 4, 61, 'Sin Asignar', 0),
(305, 5, 61, 'Sin Asignar', 0),
(306, 1, 62, 'Sin Asignar', 0),
(307, 2, 62, 'Sin Asignar', 0),
(308, 3, 62, 'Sin Asignar', 0),
(309, 4, 62, 'Sin Asignar', 0),
(310, 5, 62, 'Sin Asignar', 0),
(311, 1, 63, 'Sin Asignar', 0),
(312, 2, 63, 'Sin Asignar', 0),
(313, 3, 63, 'Sin Asignar', 0),
(314, 4, 63, 'Sin Asignar', 0),
(315, 5, 63, 'Sin Asignar', 0),
(316, 1, 64, 'Sin Asignar', 0),
(317, 2, 64, 'Sin Asignar', 0),
(318, 3, 64, 'Sin Asignar', 0),
(319, 4, 64, 'Sin Asignar', 0),
(320, 5, 64, 'Sin Asignar', 0),
(321, 1, 65, 'Sin Asignar', 0),
(322, 2, 65, 'Sin Asignar', 0),
(323, 3, 65, 'Sin Asignar', 0),
(324, 4, 65, 'Sin Asignar', 0),
(325, 5, 65, 'Sin Asignar', 0),
(326, 1, 66, 'Sin Asignar', 0),
(327, 2, 66, 'Sin Asignar', 0),
(328, 3, 66, 'Sin Asignar', 0),
(329, 4, 66, 'Sin Asignar', 0),
(330, 5, 66, 'Sin Asignar', 0),
(331, 1, 67, 'Sin Asignar', 0),
(332, 2, 67, 'Sin Asignar', 0),
(333, 3, 67, 'Sin Asignar', 0),
(334, 4, 67, 'Sin Asignar', 0),
(335, 5, 67, 'Sin Asignar', 0),
(336, 1, 68, 'Sin Asignar', 0),
(337, 2, 68, 'Sin Asignar', 0),
(338, 3, 68, 'Sin Asignar', 0),
(339, 4, 68, 'Sin Asignar', 0),
(340, 5, 68, 'Sin Asignar', 0),
(341, 1, 69, 'Sin Asignar', 0),
(342, 2, 69, 'Sin Asignar', 0),
(343, 3, 69, 'Sin Asignar', 0),
(344, 4, 69, 'Sin Asignar', 0),
(345, 5, 69, 'Sin Asignar', 0),
(346, 1, 70, 'Sin Asignar', 0),
(347, 2, 70, 'Sin Asignar', 0),
(348, 3, 70, 'Sin Asignar', 0),
(349, 4, 70, 'Sin Asignar', 0),
(350, 5, 70, 'Sin Asignar', 0),
(351, 1, 71, 'Sin Asignar', 0),
(352, 2, 71, 'Sin Asignar', 0),
(353, 3, 71, 'Sin Asignar', 0),
(354, 4, 71, 'Sin Asignar', 0),
(355, 5, 71, 'Sin Asignar', 0),
(356, 1, 72, 'Sin Asignar', 0),
(357, 2, 72, 'Sin Asignar', 0),
(358, 3, 72, 'Sin Asignar', 0),
(359, 4, 72, 'Sin Asignar', 0),
(360, 5, 72, 'Sin Asignar', 0),
(361, 1, 73, 'Sin Asignar', 0),
(362, 2, 73, 'Sin Asignar', 0),
(363, 3, 73, 'Sin Asignar', 0),
(364, 4, 73, 'Sin Asignar', 0),
(365, 5, 73, 'Sin Asignar', 0),
(366, 1, 74, 'Sin Asignar', 0),
(367, 2, 74, 'Sin Asignar', 0),
(368, 3, 74, 'Sin Asignar', 0),
(369, 4, 74, 'Sin Asignar', 0),
(370, 5, 74, 'Sin Asignar', 0),
(371, 1, 75, 'Sin Asignar', 0),
(372, 2, 75, 'Sin Asignar', 0),
(373, 3, 75, 'Sin Asignar', 0),
(374, 4, 75, 'Sin Asignar', 0),
(375, 5, 75, 'Sin Asignar', 0),
(376, 1, 76, 'Sin Asignar', 0),
(377, 2, 76, 'Sin Asignar', 0),
(378, 3, 76, 'Sin Asignar', 0),
(379, 4, 76, 'Sin Asignar', 0),
(380, 5, 76, 'Sin Asignar', 0),
(381, 1, 77, 'Sin Asignar', 0),
(382, 2, 77, 'Sin Asignar', 0),
(383, 3, 77, 'Sin Asignar', 0),
(384, 4, 77, 'Sin Asignar', 0),
(385, 5, 77, 'Sin Asignar', 0),
(386, 1, 78, 'Sin Asignar', 0),
(387, 2, 78, 'Sin Asignar', 0),
(388, 3, 78, 'Sin Asignar', 0),
(389, 4, 78, 'Sin Asignar', 0),
(390, 5, 78, 'Sin Asignar', 0),
(391, 1, 79, 'Sin Asignar', 0),
(392, 2, 79, 'Sin Asignar', 0),
(393, 3, 79, 'Sin Asignar', 0),
(394, 4, 79, 'Sin Asignar', 0),
(395, 5, 79, 'Sin Asignar', 0),
(396, 1, 80, 'Sin Asignar', 0),
(397, 2, 80, 'Sin Asignar', 0),
(398, 3, 80, 'Sin Asignar', 0),
(399, 4, 80, 'Sin Asignar', 0),
(400, 5, 80, 'Sin Asignar', 0),
(401, 1, 81, 'Sin Asignar', 0),
(402, 2, 81, 'Sin Asignar', 0),
(403, 3, 81, 'Sin Asignar', 0),
(404, 4, 81, 'Sin Asignar', 0),
(405, 5, 81, 'Sin Asignar', 0),
(406, 1, 82, 'Sin Asignar', 0),
(407, 2, 82, 'Sin Asignar', 0),
(408, 3, 82, 'Sin Asignar', 0),
(409, 4, 82, 'Sin Asignar', 0),
(410, 5, 82, 'Sin Asignar', 0),
(411, 1, 83, 'Sin Asignar', 0),
(412, 2, 83, 'Sin Asignar', 0),
(413, 3, 83, 'Sin Asignar', 0),
(414, 4, 83, 'Sin Asignar', 0),
(415, 5, 83, 'Sin Asignar', 0),
(416, 1, 84, 'Sin Asignar', 0),
(417, 2, 84, 'Sin Asignar', 0),
(418, 3, 84, 'Sin Asignar', 0),
(419, 4, 84, 'Sin Asignar', 0),
(420, 5, 84, 'Sin Asignar', 0),
(421, 1, 85, 'Sin Asignar', 0),
(422, 2, 85, 'Sin Asignar', 0),
(423, 3, 85, 'Sin Asignar', 0),
(424, 4, 85, 'Sin Asignar', 0),
(425, 5, 85, 'Sin Asignar', 0),
(426, 1, 86, 'Sin Asignar', 0),
(427, 2, 86, 'Sin Asignar', 0),
(428, 3, 86, 'Sin Asignar', 0),
(429, 4, 86, 'Sin Asignar', 0),
(430, 5, 86, 'Sin Asignar', 0),
(431, 1, 87, 'Sin Asignar', 0),
(432, 2, 87, 'Sin Asignar', 0),
(433, 3, 87, 'Sin Asignar', 0),
(434, 4, 87, 'Sin Asignar', 0),
(435, 5, 87, 'Sin Asignar', 0),
(436, 1, 88, 'Sin Asignar', 0),
(437, 2, 88, 'Sin Asignar', 0),
(438, 3, 88, 'Sin Asignar', 0),
(439, 4, 88, 'Sin Asignar', 0),
(440, 5, 88, 'Sin Asignar', 0),
(441, 1, 89, 'Sin Asignar', 0),
(442, 2, 89, 'Sin Asignar', 0),
(443, 3, 89, 'Sin Asignar', 0),
(444, 4, 89, 'Sin Asignar', 0),
(445, 5, 89, 'Sin Asignar', 0),
(446, 1, 90, 'Sin Asignar', 0),
(447, 2, 90, 'Sin Asignar', 0),
(448, 3, 90, 'Sin Asignar', 0),
(449, 4, 90, 'Sin Asignar', 0),
(450, 5, 90, 'Sin Asignar', 0),
(451, 1, 91, 'Sin Asignar', 0),
(452, 2, 91, 'Sin Asignar', 0),
(453, 3, 91, 'Sin Asignar', 0),
(454, 4, 91, 'Sin Asignar', 0),
(455, 5, 91, 'Sin Asignar', 0),
(456, 1, 92, 'Sin Asignar', 0),
(457, 2, 92, 'Sin Asignar', 0),
(458, 3, 92, 'Sin Asignar', 0),
(459, 4, 92, 'Sin Asignar', 0),
(460, 5, 92, 'Sin Asignar', 0),
(461, 1, 93, 'Sin Asignar', 0),
(462, 2, 93, 'Sin Asignar', 0),
(463, 3, 93, 'Sin Asignar', 0),
(464, 4, 93, 'Sin Asignar', 0),
(465, 5, 93, 'Sin Asignar', 0),
(466, 1, 94, 'Sin Asignar', 0),
(467, 2, 94, 'Sin Asignar', 0),
(468, 3, 94, 'Sin Asignar', 0),
(469, 4, 94, 'Sin Asignar', 0),
(470, 5, 94, 'Sin Asignar', 0),
(471, 1, 95, 'Sin Asignar', 0),
(472, 2, 95, 'Sin Asignar', 0),
(473, 3, 95, 'Sin Asignar', 0),
(474, 4, 95, 'Sin Asignar', 0),
(475, 5, 95, 'Sin Asignar', 0),
(476, 1, 96, 'Sin Asignar', 0),
(477, 2, 96, 'Sin Asignar', 0),
(478, 3, 96, 'Sin Asignar', 0),
(479, 4, 96, 'Sin Asignar', 0),
(480, 5, 96, 'Sin Asignar', 0),
(481, 1, 97, 'Sin Asignar', 0),
(482, 2, 97, 'Sin Asignar', 0),
(483, 3, 97, 'Sin Asignar', 0),
(484, 4, 97, 'Sin Asignar', 0),
(485, 5, 97, 'Sin Asignar', 0),
(486, 1, 98, 'Sin Asignar', 0),
(487, 2, 98, 'Sin Asignar', 0),
(488, 3, 98, 'Sin Asignar', 0),
(489, 4, 98, 'Sin Asignar', 0),
(490, 5, 98, 'Sin Asignar', 0),
(491, 1, 99, 'Sin Asignar', 0),
(492, 2, 99, 'Sin Asignar', 0),
(493, 3, 99, 'Sin Asignar', 0),
(494, 4, 99, 'Sin Asignar', 0),
(495, 5, 99, 'Sin Asignar', 0),
(496, 1, 100, 'Sin Asignar', 0),
(497, 2, 100, 'Sin Asignar', 0),
(498, 3, 100, 'Sin Asignar', 0),
(499, 4, 100, 'Sin Asignar', 0),
(500, 5, 100, 'Sin Asignar', 0),
(501, 1, 101, 'Sin Asignar', 0),
(502, 2, 101, 'Sin Asignar', 0),
(503, 3, 101, 'Sin Asignar', 0),
(504, 4, 101, 'Sin Asignar', 0),
(505, 5, 101, 'Sin Asignar', 0),
(506, 1, 102, 'Sin Asignar', 0),
(507, 2, 102, 'Sin Asignar', 0),
(508, 3, 102, 'Sin Asignar', 0),
(509, 4, 102, 'Sin Asignar', 0),
(510, 5, 102, 'Sin Asignar', 0),
(511, 1, 103, 'Sin Asignar', 0),
(512, 2, 103, 'Sin Asignar', 0),
(513, 3, 103, 'Sin Asignar', 0),
(514, 4, 103, 'Sin Asignar', 0),
(515, 5, 103, 'Sin Asignar', 0),
(516, 1, 104, 'Sin Asignar', 0),
(517, 2, 104, 'Sin Asignar', 0),
(518, 3, 104, 'Sin Asignar', 0),
(519, 4, 104, 'Sin Asignar', 0),
(520, 5, 104, 'Sin Asignar', 0),
(521, 1, 105, 'Sin Asignar', 0),
(522, 2, 105, 'Sin Asignar', 0),
(523, 3, 105, 'Sin Asignar', 0),
(524, 4, 105, 'Sin Asignar', 0),
(525, 5, 105, 'Sin Asignar', 0),
(526, 1, 106, 'Sin Asignar', 0),
(527, 2, 106, 'Sin Asignar', 0),
(528, 3, 106, 'Sin Asignar', 0),
(529, 4, 106, 'Sin Asignar', 0),
(530, 5, 106, 'Sin Asignar', 0),
(531, 1, 107, 'Sin Asignar', 0),
(532, 2, 107, 'Sin Asignar', 0),
(533, 3, 107, 'Sin Asignar', 0),
(534, 4, 107, 'Sin Asignar', 0),
(535, 5, 107, 'Sin Asignar', 0),
(536, 1, 108, 'Sin Asignar', 0),
(537, 2, 108, 'Sin Asignar', 0),
(538, 3, 108, 'Sin Asignar', 0),
(539, 4, 108, 'Sin Asignar', 0),
(540, 5, 108, 'Sin Asignar', 0),
(541, 1, 109, 'Sin Asignar', 0),
(542, 2, 109, 'Sin Asignar', 0),
(543, 3, 109, 'Sin Asignar', 0),
(544, 4, 109, 'Sin Asignar', 0),
(545, 5, 109, 'Sin Asignar', 0),
(546, 1, 110, 'Sin Asignar', 0),
(547, 2, 110, 'Sin Asignar', 0),
(548, 3, 110, 'Sin Asignar', 0),
(549, 4, 110, 'Sin Asignar', 0),
(550, 5, 110, 'Sin Asignar', 0),
(551, 1, 111, 'Sin Asignar', 0),
(552, 2, 111, 'Sin Asignar', 0),
(553, 3, 111, 'Sin Asignar', 0),
(554, 4, 111, 'Sin Asignar', 0),
(555, 5, 111, 'Sin Asignar', 0),
(556, 1, 112, 'Sin Asignar', 0),
(557, 2, 112, 'Sin Asignar', 0),
(558, 3, 112, 'Sin Asignar', 0),
(559, 4, 112, 'Sin Asignar', 0),
(560, 5, 112, 'Sin Asignar', 0),
(561, 1, 113, 'Sin Asignar', 0),
(562, 2, 113, 'Sin Asignar', 0),
(563, 3, 113, 'Sin Asignar', 0),
(564, 4, 113, 'Sin Asignar', 0),
(565, 5, 113, 'Sin Asignar', 0),
(566, 1, 114, 'Sin Asignar', 0),
(567, 2, 114, 'Sin Asignar', 0),
(568, 3, 114, 'Sin Asignar', 0),
(569, 4, 114, 'Sin Asignar', 0),
(570, 5, 114, 'Sin Asignar', 0),
(571, 1, 115, 'Sin Asignar', 0),
(572, 2, 115, 'Sin Asignar', 0),
(573, 3, 115, 'Sin Asignar', 0),
(574, 4, 115, 'Sin Asignar', 0),
(575, 5, 115, 'Sin Asignar', 0),
(576, 1, 116, 'Sin Asignar', 0),
(577, 2, 116, 'Sin Asignar', 0),
(578, 3, 116, 'Sin Asignar', 0),
(579, 4, 116, 'Sin Asignar', 0),
(580, 5, 116, 'Sin Asignar', 0),
(581, 1, 117, 'Sin Asignar', 0),
(582, 2, 117, 'Sin Asignar', 0),
(583, 3, 117, 'Sin Asignar', 0),
(584, 4, 117, 'Sin Asignar', 0),
(585, 5, 117, 'Sin Asignar', 0),
(586, 1, 118, 'Sin Asignar', 0),
(587, 2, 118, 'Sin Asignar', 0),
(588, 3, 118, 'Sin Asignar', 0),
(589, 4, 118, 'Sin Asignar', 0),
(590, 5, 118, 'Sin Asignar', 0),
(591, 1, 119, 'Sin Asignar', 0),
(592, 2, 119, 'Sin Asignar', 0),
(593, 3, 119, 'Sin Asignar', 0),
(594, 4, 119, 'Sin Asignar', 0),
(595, 5, 119, 'Sin Asignar', 0),
(596, 1, 120, 'Sin Asignar', 0),
(597, 2, 120, 'Sin Asignar', 0),
(598, 3, 120, 'Sin Asignar', 0),
(599, 4, 120, 'Sin Asignar', 0),
(600, 5, 120, 'Sin Asignar', 0),
(601, 1, 121, 'Sin Asignar', 0),
(602, 2, 121, 'Sin Asignar', 0),
(603, 3, 121, 'Sin Asignar', 0),
(604, 4, 121, 'Sin Asignar', 0),
(605, 5, 121, 'Sin Asignar', 0),
(606, 1, 122, 'Sin Asignar', 0),
(607, 2, 122, 'Sin Asignar', 0),
(608, 3, 122, 'Sin Asignar', 0),
(609, 4, 122, 'Sin Asignar', 0),
(610, 5, 122, 'Sin Asignar', 0),
(611, 1, 123, 'Sin Asignar', 0),
(612, 2, 123, 'Sin Asignar', 0),
(613, 3, 123, 'Sin Asignar', 0),
(614, 4, 123, 'Sin Asignar', 0),
(615, 5, 123, 'Sin Asignar', 0),
(616, 1, 124, 'Sin Asignar', 0),
(617, 2, 124, 'Sin Asignar', 0),
(618, 3, 124, 'Sin Asignar', 0),
(619, 4, 124, 'Sin Asignar', 0),
(620, 5, 124, 'Sin Asignar', 0),
(621, 1, 125, 'Sin Asignar', 0),
(622, 2, 125, 'Sin Asignar', 0),
(623, 3, 125, 'Sin Asignar', 0),
(624, 4, 125, 'Sin Asignar', 0),
(625, 5, 125, 'Sin Asignar', 0),
(626, 1, 126, 'Sin Asignar', 0),
(627, 2, 126, 'Sin Asignar', 0),
(628, 3, 126, 'Sin Asignar', 0),
(629, 4, 126, 'Sin Asignar', 0),
(630, 5, 126, 'Sin Asignar', 0),
(631, 1, 127, 'Sin Asignar', 0),
(632, 2, 127, 'Sin Asignar', 0),
(633, 3, 127, 'Sin Asignar', 0),
(634, 4, 127, 'Sin Asignar', 0),
(635, 5, 127, 'Sin Asignar', 0),
(636, 1, 128, 'Sin Asignar', 0),
(637, 2, 128, 'Sin Asignar', 0),
(638, 3, 128, 'Sin Asignar', 0),
(639, 4, 128, 'Sin Asignar', 0),
(640, 5, 128, 'Sin Asignar', 0),
(641, 1, 129, 'Sin Asignar', 0),
(642, 2, 129, 'Sin Asignar', 0),
(643, 3, 129, 'Sin Asignar', 0),
(644, 4, 129, 'Sin Asignar', 0),
(645, 5, 129, 'Sin Asignar', 0),
(646, 1, 130, 'Sin Asignar', 0),
(647, 2, 130, 'Sin Asignar', 0),
(648, 3, 130, 'Sin Asignar', 0),
(649, 4, 130, 'Sin Asignar', 0),
(650, 5, 130, 'Sin Asignar', 0),
(651, 1, 131, 'Sin Asignar', 0),
(652, 2, 131, 'Sin Asignar', 0),
(653, 3, 131, 'Sin Asignar', 0),
(654, 4, 131, 'Sin Asignar', 0),
(655, 5, 131, 'Sin Asignar', 0),
(656, 1, 132, 'Sin Asignar', 0),
(657, 2, 132, 'Sin Asignar', 0),
(658, 3, 132, 'Sin Asignar', 0),
(659, 4, 132, 'Sin Asignar', 0),
(660, 5, 132, 'Sin Asignar', 0),
(661, 1, 133, 'Sin Asignar', 0),
(662, 2, 133, 'Sin Asignar', 0),
(663, 3, 133, 'Sin Asignar', 0),
(664, 4, 133, 'Sin Asignar', 0),
(665, 5, 133, 'Sin Asignar', 0),
(666, 1, 134, 'Sin Asignar', 0),
(667, 2, 134, 'Sin Asignar', 0),
(668, 3, 134, 'Sin Asignar', 0),
(669, 4, 134, 'Sin Asignar', 0),
(670, 5, 134, 'Sin Asignar', 0),
(671, 1, 135, 'Sin Asignar', 0),
(672, 2, 135, 'Sin Asignar', 0),
(673, 3, 135, 'Sin Asignar', 0),
(674, 4, 135, 'Sin Asignar', 0),
(675, 5, 135, 'Sin Asignar', 0),
(676, 1, 136, 'Sin Asignar', 0),
(677, 2, 136, 'Sin Asignar', 0),
(678, 3, 136, 'Sin Asignar', 0),
(679, 4, 136, 'Sin Asignar', 0),
(680, 5, 136, 'Sin Asignar', 0),
(681, 1, 137, 'Sin Asignar', 0),
(682, 2, 137, 'Sin Asignar', 0),
(683, 3, 137, 'Sin Asignar', 0),
(684, 4, 137, 'Sin Asignar', 0),
(685, 5, 137, 'Sin Asignar', 0),
(686, 1, 138, 'Sin Asignar', 0),
(687, 2, 138, 'Sin Asignar', 0),
(688, 3, 138, 'Sin Asignar', 0),
(689, 4, 138, 'Sin Asignar', 0),
(690, 5, 138, 'Sin Asignar', 0),
(691, 1, 139, 'Sin Asignar', 0),
(692, 2, 139, 'Sin Asignar', 0),
(693, 3, 139, 'Sin Asignar', 0),
(694, 4, 139, 'Sin Asignar', 0),
(695, 5, 139, 'Sin Asignar', 0),
(696, 1, 140, 'Sin Asignar', 0),
(697, 2, 140, 'Sin Asignar', 0),
(698, 3, 140, 'Sin Asignar', 0),
(699, 4, 140, 'Sin Asignar', 0),
(700, 5, 140, 'Sin Asignar', 0),
(701, 1, 141, 'Sin Asignar', 0),
(702, 2, 141, 'Sin Asignar', 0),
(703, 3, 141, 'Sin Asignar', 0),
(704, 4, 141, 'Sin Asignar', 0),
(705, 5, 141, 'Sin Asignar', 0),
(706, 1, 142, 'Sin Asignar', 0),
(707, 2, 142, 'Sin Asignar', 0),
(708, 3, 142, 'Sin Asignar', 0),
(709, 4, 142, 'Sin Asignar', 0),
(710, 5, 142, 'Sin Asignar', 0),
(711, 1, 143, 'Sin Asignar', 0),
(712, 2, 143, 'Sin Asignar', 0),
(713, 3, 143, 'Sin Asignar', 0),
(714, 4, 143, 'Sin Asignar', 0),
(715, 5, 143, 'Sin Asignar', 0),
(716, 1, 144, 'Sin Asignar', 0),
(717, 2, 144, 'Sin Asignar', 0),
(718, 3, 144, 'Sin Asignar', 0),
(719, 4, 144, 'Sin Asignar', 0),
(720, 5, 144, 'Sin Asignar', 0),
(721, 1, 145, 'Sin Asignar', 0),
(722, 2, 145, 'Sin Asignar', 0),
(723, 3, 145, 'Sin Asignar', 0),
(724, 4, 145, 'Sin Asignar', 0),
(725, 5, 145, 'Sin Asignar', 0),
(726, 1, 146, 'Sin Asignar', 0),
(727, 2, 146, 'Sin Asignar', 0),
(728, 3, 146, 'Sin Asignar', 0),
(729, 4, 146, 'Sin Asignar', 0),
(730, 5, 146, 'Sin Asignar', 0),
(731, 1, 147, 'Sin Asignar', 0),
(732, 2, 147, 'Sin Asignar', 0),
(733, 3, 147, 'Sin Asignar', 0),
(734, 4, 147, 'Sin Asignar', 0),
(735, 5, 147, 'Sin Asignar', 0),
(736, 1, 148, 'Sin Asignar', 0),
(737, 2, 148, 'Sin Asignar', 0),
(738, 3, 148, 'Sin Asignar', 0),
(739, 4, 148, 'Sin Asignar', 0),
(740, 5, 148, 'Sin Asignar', 0),
(741, 1, 149, 'Sin Asignar', 0),
(742, 2, 149, 'Sin Asignar', 0),
(743, 3, 149, 'Sin Asignar', 0),
(744, 4, 149, 'Sin Asignar', 0),
(745, 5, 149, 'Sin Asignar', 0),
(746, 1, 150, 'Sin Asignar', 0),
(747, 2, 150, 'Sin Asignar', 0),
(748, 3, 150, 'Sin Asignar', 0),
(749, 4, 150, 'Sin Asignar', 0),
(750, 5, 150, 'Sin Asignar', 0),
(751, 1, 151, 'Sin Asignar', 0),
(752, 2, 151, 'Sin Asignar', 0),
(753, 3, 151, 'Sin Asignar', 0),
(754, 4, 151, 'Sin Asignar', 0),
(755, 5, 151, 'Sin Asignar', 0),
(756, 1, 152, 'Sin Asignar', 0),
(757, 2, 152, 'Sin Asignar', 0),
(758, 3, 152, 'Sin Asignar', 0),
(759, 4, 152, 'Sin Asignar', 0),
(760, 5, 152, 'Sin Asignar', 0),
(761, 1, 153, 'Sin Asignar', 0),
(762, 2, 153, 'Sin Asignar', 0),
(763, 3, 153, 'Sin Asignar', 0),
(764, 4, 153, 'Sin Asignar', 0),
(765, 5, 153, 'Sin Asignar', 0),
(766, 1, 154, 'Sin Asignar', 0),
(767, 2, 154, 'Sin Asignar', 0),
(768, 3, 154, 'Sin Asignar', 0),
(769, 4, 154, 'Sin Asignar', 0),
(770, 5, 154, 'Sin Asignar', 0),
(771, 1, 155, 'Sin Asignar', 0),
(772, 2, 155, 'Sin Asignar', 0),
(773, 3, 155, 'Sin Asignar', 0),
(774, 4, 155, 'Sin Asignar', 0),
(775, 5, 155, 'Sin Asignar', 0),
(776, 1, 156, 'Sin Asignar', 0),
(777, 2, 156, 'Sin Asignar', 0),
(778, 3, 156, 'Sin Asignar', 0),
(779, 4, 156, 'Sin Asignar', 0),
(780, 5, 156, 'Sin Asignar', 0),
(781, 1, 157, 'Sin Asignar', 0),
(782, 2, 157, 'Sin Asignar', 0),
(783, 3, 157, 'Sin Asignar', 0),
(784, 4, 157, 'Sin Asignar', 0),
(785, 5, 157, 'Sin Asignar', 0),
(786, 1, 158, 'Sin Asignar', 0),
(787, 2, 158, 'Sin Asignar', 0),
(788, 3, 158, 'Sin Asignar', 0),
(789, 4, 158, 'Sin Asignar', 0),
(790, 5, 158, 'Sin Asignar', 0),
(791, 1, 159, 'Sin Asignar', 0),
(792, 2, 159, 'Sin Asignar', 0),
(793, 3, 159, 'Sin Asignar', 0),
(794, 4, 159, 'Sin Asignar', 0),
(795, 5, 159, 'Sin Asignar', 0),
(796, 1, 160, 'Sin Asignar', 0),
(797, 2, 160, 'Sin Asignar', 0),
(798, 3, 160, 'Sin Asignar', 0),
(799, 4, 160, 'Sin Asignar', 0),
(800, 5, 160, 'Sin Asignar', 0),
(801, 1, 161, 'Sin Asignar', 0),
(802, 2, 161, 'Sin Asignar', 0),
(803, 3, 161, 'Sin Asignar', 0),
(804, 4, 161, 'Sin Asignar', 0),
(805, 5, 161, 'Sin Asignar', 0),
(806, 1, 162, 'Sin Asignar', 0),
(807, 2, 162, 'Sin Asignar', 0),
(808, 3, 162, 'Sin Asignar', 0),
(809, 4, 162, 'Sin Asignar', 0),
(810, 5, 162, 'Sin Asignar', 0),
(811, 1, 163, 'Sin Asignar', 0),
(812, 2, 163, 'Sin Asignar', 0),
(813, 3, 163, 'Sin Asignar', 0),
(814, 4, 163, 'Sin Asignar', 0),
(815, 5, 163, 'Sin Asignar', 0),
(816, 1, 164, 'Sin Asignar', 0),
(817, 2, 164, 'Sin Asignar', 0),
(818, 3, 164, 'Sin Asignar', 0),
(819, 4, 164, 'Sin Asignar', 0),
(820, 5, 164, 'Sin Asignar', 0),
(821, 1, 165, 'Sin Asignar', 0),
(822, 2, 165, 'Sin Asignar', 0),
(823, 3, 165, 'Sin Asignar', 0),
(824, 4, 165, 'Sin Asignar', 0),
(825, 5, 165, 'Sin Asignar', 0),
(826, 1, 166, 'Sin Asignar', 0),
(827, 2, 166, 'Sin Asignar', 0),
(828, 3, 166, 'Sin Asignar', 0),
(829, 4, 166, 'Sin Asignar', 0),
(830, 5, 166, 'Sin Asignar', 0),
(831, 1, 167, 'Sin Asignar', 0),
(832, 2, 167, 'Sin Asignar', 0),
(833, 3, 167, 'Sin Asignar', 0),
(834, 4, 167, 'Sin Asignar', 0),
(835, 5, 167, 'Sin Asignar', 0),
(836, 1, 168, 'Sin Asignar', 0),
(837, 2, 168, 'Sin Asignar', 0),
(838, 3, 168, 'Sin Asignar', 0),
(839, 4, 168, 'Sin Asignar', 0),
(840, 5, 168, 'Sin Asignar', 0),
(841, 1, 169, 'Sin Asignar', 0),
(842, 2, 169, 'Sin Asignar', 0),
(843, 3, 169, 'Sin Asignar', 0),
(844, 4, 169, 'Sin Asignar', 0),
(845, 5, 169, 'Sin Asignar', 0),
(846, 1, 170, 'Sin Asignar', 0),
(847, 2, 170, 'Sin Asignar', 0),
(848, 3, 170, 'Sin Asignar', 0),
(849, 4, 170, 'Sin Asignar', 0),
(850, 5, 170, 'Sin Asignar', 0),
(851, 1, 171, 'Sin Asignar', 0),
(852, 2, 171, 'Sin Asignar', 0),
(853, 3, 171, 'Sin Asignar', 0),
(854, 4, 171, 'Sin Asignar', 0),
(855, 5, 171, 'Sin Asignar', 0),
(856, 1, 172, 'Sin Asignar', 0),
(857, 2, 172, 'Sin Asignar', 0),
(858, 3, 172, 'Sin Asignar', 0),
(859, 4, 172, 'Sin Asignar', 0),
(860, 5, 172, 'Sin Asignar', 0),
(861, 1, 173, 'Sin Asignar', 0),
(862, 2, 173, 'Sin Asignar', 0),
(863, 3, 173, 'Sin Asignar', 0),
(864, 4, 173, 'Sin Asignar', 0),
(865, 5, 173, 'Sin Asignar', 0),
(866, 1, 174, 'Sin Asignar', 0),
(867, 2, 174, 'Sin Asignar', 0),
(868, 3, 174, 'Sin Asignar', 0),
(869, 4, 174, 'Sin Asignar', 0),
(870, 5, 174, 'Sin Asignar', 0),
(871, 1, 175, 'Sin Asignar', 0),
(872, 2, 175, 'Sin Asignar', 0),
(873, 3, 175, 'Sin Asignar', 0),
(874, 4, 175, 'Sin Asignar', 0),
(875, 5, 175, 'Sin Asignar', 0),
(876, 1, 176, 'Sin Asignar', 0),
(877, 2, 176, 'Sin Asignar', 0),
(878, 3, 176, 'Sin Asignar', 0),
(879, 4, 176, 'Sin Asignar', 0),
(880, 5, 176, 'Sin Asignar', 0),
(881, 1, 177, 'Sin Asignar', 0),
(882, 2, 177, 'Sin Asignar', 0),
(883, 3, 177, 'Sin Asignar', 0),
(884, 4, 177, 'Sin Asignar', 0),
(885, 5, 177, 'Sin Asignar', 0),
(886, 1, 178, 'Sin Asignar', 0),
(887, 2, 178, 'Sin Asignar', 0),
(888, 3, 178, 'Sin Asignar', 0),
(889, 4, 178, 'Sin Asignar', 0),
(890, 5, 178, 'Sin Asignar', 0),
(891, 1, 179, 'Sin Asignar', 0),
(892, 2, 179, 'Sin Asignar', 0),
(893, 3, 179, 'Sin Asignar', 0),
(894, 4, 179, 'Sin Asignar', 0),
(895, 5, 179, 'Sin Asignar', 0),
(896, 1, 180, 'Sin Asignar', 0),
(897, 2, 180, 'Sin Asignar', 0),
(898, 3, 180, 'Sin Asignar', 0),
(899, 4, 180, 'Sin Asignar', 0),
(900, 5, 180, 'Sin Asignar', 0),
(901, 1, 181, 'Sin Asignar', 0),
(902, 2, 181, 'Sin Asignar', 0),
(903, 3, 181, 'Sin Asignar', 0),
(904, 4, 181, 'Sin Asignar', 0),
(905, 5, 181, 'Sin Asignar', 0),
(906, 1, 182, 'Sin Asignar', 0),
(907, 2, 182, 'Sin Asignar', 0),
(908, 3, 182, 'Sin Asignar', 0),
(909, 4, 182, 'Sin Asignar', 0),
(910, 5, 182, 'Sin Asignar', 0),
(911, 1, 183, 'Sin Asignar', 0),
(912, 2, 183, 'Sin Asignar', 0),
(913, 3, 183, 'Sin Asignar', 0),
(914, 4, 183, 'Sin Asignar', 0),
(915, 5, 183, 'Sin Asignar', 0),
(916, 1, 184, 'Sin Asignar', 0),
(917, 2, 184, 'Sin Asignar', 0),
(918, 3, 184, 'Sin Asignar', 0),
(919, 4, 184, 'Sin Asignar', 0),
(920, 5, 184, 'Sin Asignar', 0),
(921, 1, 185, 'Sin Asignar', 0),
(922, 2, 185, 'Sin Asignar', 0),
(923, 3, 185, 'Sin Asignar', 0),
(924, 4, 185, 'Sin Asignar', 0),
(925, 5, 185, 'Sin Asignar', 0),
(926, 1, 186, 'Sin Asignar', 0),
(927, 2, 186, 'Sin Asignar', 0),
(928, 3, 186, 'Sin Asignar', 0),
(929, 4, 186, 'Sin Asignar', 0),
(930, 5, 186, 'Sin Asignar', 0),
(931, 1, 187, 'Sin Asignar', 0),
(932, 2, 187, 'Sin Asignar', 0),
(933, 3, 187, 'Sin Asignar', 0),
(934, 4, 187, 'Sin Asignar', 0),
(935, 5, 187, 'Sin Asignar', 0),
(936, 1, 188, 'Sin Asignar', 0),
(937, 2, 188, 'Sin Asignar', 0),
(938, 3, 188, 'Sin Asignar', 0),
(939, 4, 188, 'Sin Asignar', 0),
(940, 5, 188, 'Sin Asignar', 0),
(941, 1, 189, 'Sin Asignar', 0),
(942, 2, 189, 'Sin Asignar', 0),
(943, 3, 189, 'Sin Asignar', 0),
(944, 4, 189, 'Sin Asignar', 0),
(945, 5, 189, 'Sin Asignar', 0),
(946, 1, 190, 'Sin Asignar', 0),
(947, 2, 190, 'Sin Asignar', 0),
(948, 3, 190, 'Sin Asignar', 0),
(949, 4, 190, 'Sin Asignar', 0),
(950, 5, 190, 'Sin Asignar', 0),
(951, 1, 191, 'Sin Asignar', 0),
(952, 2, 191, 'Sin Asignar', 0),
(953, 3, 191, 'Sin Asignar', 0),
(954, 4, 191, 'Sin Asignar', 0),
(955, 5, 191, 'Sin Asignar', 0),
(956, 1, 192, 'Sin Asignar', 0),
(957, 2, 192, 'Sin Asignar', 0),
(958, 3, 192, 'Sin Asignar', 0),
(959, 4, 192, 'Sin Asignar', 0),
(960, 5, 192, 'Sin Asignar', 0),
(961, 1, 193, 'Sin Asignar', 0),
(962, 2, 193, 'Sin Asignar', 0),
(963, 3, 193, 'Sin Asignar', 0),
(964, 4, 193, 'Sin Asignar', 0),
(965, 5, 193, 'Sin Asignar', 0),
(966, 1, 194, 'Sin Asignar', 0),
(967, 2, 194, 'Sin Asignar', 0),
(968, 3, 194, 'Sin Asignar', 0),
(969, 4, 194, 'Sin Asignar', 0),
(970, 5, 194, 'Sin Asignar', 0),
(971, 1, 195, 'Sin Asignar', 0),
(972, 2, 195, 'Sin Asignar', 0),
(973, 3, 195, 'Sin Asignar', 0),
(974, 4, 195, 'Sin Asignar', 0),
(975, 5, 195, 'Sin Asignar', 0),
(976, 1, 196, 'Sin Asignar', 0),
(977, 2, 196, 'Sin Asignar', 0),
(978, 3, 196, 'Sin Asignar', 0),
(979, 4, 196, 'Sin Asignar', 0),
(980, 5, 196, 'Sin Asignar', 0),
(981, 1, 197, 'Sin Asignar', 0),
(982, 2, 197, 'Sin Asignar', 0),
(983, 3, 197, 'Sin Asignar', 0),
(984, 4, 197, 'Sin Asignar', 0),
(985, 5, 197, 'Sin Asignar', 0),
(986, 1, 198, 'Sin Asignar', 0),
(987, 2, 198, 'Sin Asignar', 0),
(988, 3, 198, 'Sin Asignar', 0),
(989, 4, 198, 'Sin Asignar', 0),
(990, 5, 198, 'Sin Asignar', 0),
(991, 1, 199, 'Sin Asignar', 0),
(992, 2, 199, 'Sin Asignar', 0),
(993, 3, 199, 'Sin Asignar', 0),
(994, 4, 199, 'Sin Asignar', 0),
(995, 5, 199, 'Sin Asignar', 0),
(996, 1, 200, 'Sin Asignar', 0),
(997, 2, 200, 'Sin Asignar', 0),
(998, 3, 200, 'Sin Asignar', 0),
(999, 4, 200, 'Sin Asignar', 0),
(1000, 5, 200, 'Sin Asignar', 0),
(1001, 1, 201, 'Sin Asignar', 0),
(1002, 2, 201, 'Sin Asignar', 0),
(1003, 3, 201, 'Sin Asignar', 0),
(1004, 4, 201, 'Sin Asignar', 0),
(1005, 5, 201, 'Sin Asignar', 0),
(1006, 1, 202, 'Sin Asignar', 0),
(1007, 2, 202, 'Sin Asignar', 0),
(1008, 3, 202, 'Sin Asignar', 0),
(1009, 4, 202, 'Sin Asignar', 0),
(1010, 5, 202, 'Sin Asignar', 0),
(1011, 1, 203, 'Sin Asignar', 0),
(1012, 2, 203, 'Sin Asignar', 0),
(1013, 3, 203, 'Sin Asignar', 0),
(1014, 4, 203, 'Sin Asignar', 0),
(1015, 5, 203, 'Sin Asignar', 0),
(1016, 1, 204, 'Sin Asignar', 0),
(1017, 2, 204, 'Sin Asignar', 0),
(1018, 3, 204, 'Sin Asignar', 0),
(1019, 4, 204, 'Sin Asignar', 0),
(1020, 5, 204, 'Sin Asignar', 0),
(1021, 1, 205, 'Sin Asignar', 0),
(1022, 2, 205, 'Sin Asignar', 0),
(1023, 3, 205, 'Sin Asignar', 0),
(1024, 4, 205, 'Sin Asignar', 0),
(1025, 5, 205, 'Sin Asignar', 0),
(1026, 1, 206, 'Sin Asignar', 0),
(1027, 2, 206, 'Sin Asignar', 0),
(1028, 3, 206, 'Sin Asignar', 0),
(1029, 4, 206, 'Sin Asignar', 0),
(1030, 5, 206, 'Sin Asignar', 0),
(1031, 1, 207, 'Sin Asignar', 0),
(1032, 2, 207, 'Sin Asignar', 0),
(1033, 3, 207, 'Sin Asignar', 0),
(1034, 4, 207, 'Sin Asignar', 0),
(1035, 5, 207, 'Sin Asignar', 0),
(1036, 1, 208, 'Sin Asignar', 0),
(1037, 2, 208, 'Sin Asignar', 0),
(1038, 3, 208, 'Sin Asignar', 0),
(1039, 4, 208, 'Sin Asignar', 0),
(1040, 5, 208, 'Sin Asignar', 0),
(1041, 1, 209, 'Sin Asignar', 0),
(1042, 2, 209, 'Sin Asignar', 0),
(1043, 3, 209, 'Sin Asignar', 0),
(1044, 4, 209, 'Sin Asignar', 0),
(1045, 5, 209, 'Sin Asignar', 0),
(1046, 1, 210, 'Sin Asignar', 0),
(1047, 2, 210, 'Sin Asignar', 0),
(1048, 3, 210, 'Sin Asignar', 0),
(1049, 4, 210, 'Sin Asignar', 0),
(1050, 5, 210, 'Sin Asignar', 0),
(1051, 1, 211, 'Sin Asignar', 0),
(1052, 2, 211, 'Sin Asignar', 0),
(1053, 3, 211, 'Sin Asignar', 0),
(1054, 4, 211, 'Sin Asignar', 0),
(1055, 5, 211, 'Sin Asignar', 0),
(1056, 1, 212, 'Sin Asignar', 0),
(1057, 2, 212, 'Sin Asignar', 0),
(1058, 3, 212, 'Sin Asignar', 0),
(1059, 4, 212, 'Sin Asignar', 0),
(1060, 5, 212, 'Sin Asignar', 0),
(1061, 1, 213, 'Sin Asignar', 0),
(1062, 2, 213, 'Sin Asignar', 0),
(1063, 3, 213, 'Sin Asignar', 0),
(1064, 4, 213, 'Sin Asignar', 0),
(1065, 5, 213, 'Sin Asignar', 0),
(1066, 1, 214, 'Sin Asignar', 0),
(1067, 2, 214, 'Sin Asignar', 0),
(1068, 3, 214, 'Sin Asignar', 0),
(1069, 4, 214, 'Sin Asignar', 0),
(1070, 5, 214, 'Sin Asignar', 0),
(1071, 1, 215, 'Sin Asignar', 0),
(1072, 2, 215, 'Sin Asignar', 0),
(1073, 3, 215, 'Sin Asignar', 0),
(1074, 4, 215, 'Sin Asignar', 0),
(1075, 5, 215, 'Sin Asignar', 0),
(1076, 1, 216, 'Sin Asignar', 0),
(1077, 2, 216, 'Sin Asignar', 0),
(1078, 3, 216, 'Sin Asignar', 0),
(1079, 4, 216, 'Sin Asignar', 0),
(1080, 5, 216, 'Sin Asignar', 0),
(1081, 1, 217, 'Sin Asignar', 0),
(1082, 2, 217, 'Sin Asignar', 0),
(1083, 3, 217, 'Sin Asignar', 0),
(1084, 4, 217, 'Sin Asignar', 0),
(1085, 5, 217, 'Sin Asignar', 0),
(1086, 1, 218, 'Sin Asignar', 0),
(1087, 2, 218, 'Sin Asignar', 0),
(1088, 3, 218, 'Sin Asignar', 0),
(1089, 4, 218, 'Sin Asignar', 0),
(1090, 5, 218, 'Sin Asignar', 0),
(1091, 1, 219, 'Sin Asignar', 0),
(1092, 2, 219, 'Sin Asignar', 0),
(1093, 3, 219, 'Sin Asignar', 0),
(1094, 4, 219, 'Sin Asignar', 0),
(1095, 5, 219, 'Sin Asignar', 0),
(1096, 1, 220, 'Sin Asignar', 0),
(1097, 2, 220, 'Sin Asignar', 0),
(1098, 3, 220, 'Sin Asignar', 0),
(1099, 4, 220, 'Sin Asignar', 0),
(1100, 5, 220, 'Sin Asignar', 0),
(1101, 1, 221, 'Sin Asignar', 0),
(1102, 2, 221, 'Sin Asignar', 0),
(1103, 3, 221, 'Sin Asignar', 0),
(1104, 4, 221, 'Sin Asignar', 0),
(1105, 5, 221, 'Sin Asignar', 0),
(1106, 1, 222, 'Sin Asignar', 0),
(1107, 2, 222, 'Sin Asignar', 0),
(1108, 3, 222, 'Sin Asignar', 0),
(1109, 4, 222, 'Sin Asignar', 0),
(1110, 5, 222, 'Sin Asignar', 0),
(1111, 1, 223, 'Sin Asignar', 0),
(1112, 2, 223, 'Sin Asignar', 0),
(1113, 3, 223, 'Sin Asignar', 0),
(1114, 4, 223, 'Sin Asignar', 0),
(1115, 5, 223, 'Sin Asignar', 0),
(1116, 1, 224, 'Sin Asignar', 0),
(1117, 2, 224, 'Sin Asignar', 0),
(1118, 3, 224, 'Sin Asignar', 0),
(1119, 4, 224, 'Sin Asignar', 0),
(1120, 5, 224, 'Sin Asignar', 0),
(1121, 1, 225, 'Sin Asignar', 0),
(1122, 2, 225, 'Sin Asignar', 0),
(1123, 3, 225, 'Sin Asignar', 0),
(1124, 4, 225, 'Sin Asignar', 0),
(1125, 5, 225, 'Sin Asignar', 0),
(1126, 1, 226, 'Sin Asignar', 0),
(1127, 2, 226, 'Sin Asignar', 0),
(1128, 3, 226, 'Sin Asignar', 0),
(1129, 4, 226, 'Sin Asignar', 0),
(1130, 5, 226, 'Sin Asignar', 0),
(1131, 1, 227, 'Sin Asignar', 0),
(1132, 2, 227, 'Sin Asignar', 0),
(1133, 3, 227, 'Sin Asignar', 0),
(1134, 4, 227, 'Sin Asignar', 0),
(1135, 5, 227, 'Sin Asignar', 0),
(1136, 1, 228, 'Sin Asignar', 0),
(1137, 2, 228, 'Sin Asignar', 0),
(1138, 3, 228, 'Sin Asignar', 0),
(1139, 4, 228, 'Sin Asignar', 0),
(1140, 5, 228, 'Sin Asignar', 0),
(1141, 1, 229, 'Sin Asignar', 0),
(1142, 2, 229, 'Sin Asignar', 0),
(1143, 3, 229, 'Sin Asignar', 0),
(1144, 4, 229, 'Sin Asignar', 0),
(1145, 5, 229, 'Sin Asignar', 0),
(1146, 1, 230, 'Sin Asignar', 0),
(1147, 2, 230, 'Sin Asignar', 0),
(1148, 3, 230, 'Sin Asignar', 0),
(1149, 4, 230, 'Sin Asignar', 0),
(1150, 5, 230, 'Sin Asignar', 0),
(1151, 1, 231, 'Sin Asignar', 0),
(1152, 2, 231, 'Sin Asignar', 0),
(1153, 3, 231, 'Sin Asignar', 0),
(1154, 4, 231, 'Sin Asignar', 0),
(1155, 5, 231, 'Sin Asignar', 0),
(1156, 1, 232, 'Sin Asignar', 0),
(1157, 2, 232, 'Sin Asignar', 0),
(1158, 3, 232, 'Sin Asignar', 0),
(1159, 4, 232, 'Sin Asignar', 0),
(1160, 5, 232, 'Sin Asignar', 0),
(1161, 1, 233, 'Sin Asignar', 0),
(1162, 2, 233, 'Sin Asignar', 0),
(1163, 3, 233, 'Sin Asignar', 0),
(1164, 4, 233, 'Sin Asignar', 0),
(1165, 5, 233, 'Sin Asignar', 0),
(1166, 1, 234, 'Sin Asignar', 0),
(1167, 2, 234, 'Sin Asignar', 0),
(1168, 3, 234, 'Sin Asignar', 0),
(1169, 4, 234, 'Sin Asignar', 0),
(1170, 5, 234, 'Sin Asignar', 0),
(1171, 1, 235, 'Sin Asignar', 0),
(1172, 2, 235, 'Sin Asignar', 0),
(1173, 3, 235, 'Sin Asignar', 0),
(1174, 4, 235, 'Sin Asignar', 0),
(1175, 5, 235, 'Sin Asignar', 0),
(1176, 1, 235, 'Sin Asignar', 0),
(1177, 2, 235, 'Sin Asignar', 0),
(1178, 3, 235, 'Sin Asignar', 0),
(1179, 4, 236, 'Sin Asignar', 0),
(1180, 5, 236, 'Sin Asignar', 0),
(1181, 1, 236, 'Sin Asignar', 0),
(1182, 2, 237, 'Sin Asignar', 0),
(1183, 3, 237, 'Sin Asignar', 0),
(1184, 4, 237, 'Sin Asignar', 0),
(1185, 5, 238, 'Sin Asignar', 0),
(1186, 1, 238, 'Sin Asignar', 0),
(1187, 2, 238, 'Sin Asignar', 0),
(1188, 3, 239, 'Sin Asignar', 0),
(1189, 4, 239, 'Sin Asignar', 0),
(1190, 5, 239, 'Sin Asignar', 0),
(1191, 1, 240, 'Sin Asignar', 0),
(1192, 2, 240, 'Sin Asignar', 0),
(1193, 3, 240, 'Sin Asignar', 0),
(1194, 4, 241, 'Sin Asignar', 0),
(1195, 5, 241, 'Sin Asignar', 0),
(1196, 1, 241, 'Sin Asignar', 0),
(1197, 2, 242, 'Sin Asignar', 0),
(1198, 3, 242, 'Sin Asignar', 0),
(1199, 4, 242, 'Sin Asignar', 0),
(1200, 5, 243, 'Sin Asignar', 0),
(1201, 1, 243, 'Sin Asignar', 0),
(1202, 2, 243, 'Sin Asignar', 0),
(1203, 3, 244, 'Sin Asignar', 0),
(1204, 4, 244, 'Sin Asignar', 0),
(1205, 5, 244, 'Sin Asignar', 0),
(1206, 1, 245, 'Sin Asignar', 0),
(1207, 2, 245, 'Sin Asignar', 0),
(1208, 3, 245, 'Sin Asignar', 0),
(1209, 4, 246, 'Sin Asignar', 0),
(1210, 5, 246, 'Sin Asignar', 0),
(1211, 1, 246, 'Sin Asignar', 0),
(1212, 2, 247, 'Sin Asignar', 0),
(1213, 3, 247, 'Sin Asignar', 0),
(1214, 4, 247, 'Sin Asignar', 0),
(1215, 5, 248, 'Sin Asignar', 0),
(1216, 1, 248, 'Sin Asignar', 0),
(1217, 2, 248, 'Sin Asignar', 0),
(1218, 3, 249, 'Sin Asignar', 0),
(1219, 4, 249, 'Sin Asignar', 0),
(1220, 5, 249, 'Sin Asignar', 0),
(1221, 1, 250, 'Sin Asignar', 0),
(1222, 2, 250, 'Sin Asignar', 0),
(1223, 3, 250, 'Sin Asignar', 0),
(1224, 4, 251, 'Sin Asignar', 0),
(1225, 5, 251, 'Sin Asignar', 0),
(1226, 1, 251, 'Sin Asignar', 0),
(1227, 2, 252, 'Sin Asignar', 0),
(1228, 3, 252, 'Sin Asignar', 0),
(1229, 4, 252, 'Sin Asignar', 0),
(1230, 5, 253, 'Sin Asignar', 0),
(1231, 1, 253, 'Sin Asignar', 0),
(1232, 2, 253, 'Sin Asignar', 0),
(1233, 3, 254, 'Sin Asignar', 0),
(1234, 4, 254, 'Sin Asignar', 0),
(1235, 5, 254, 'Sin Asignar', 0),
(1236, 1, 255, 'Sin Asignar', 0),
(1237, 2, 255, 'Sin Asignar', 0),
(1238, 3, 255, 'Sin Asignar', 0),
(1239, 4, 255, 'Sin Asignar', 0),
(1240, 5, 255, 'Sin Asignar', 0),
(1241, 1, 256, 'Sin Asignar', 0),
(1242, 2, 256, 'Sin Asignar', 0),
(1243, 3, 256, 'Sin Asignar', 0),
(1244, 4, 256, 'Sin Asignar', 0),
(1245, 5, 256, 'Sin Asignar', 0),
(1246, 1, 257, 'Sin Asignar', 0),
(1247, 2, 257, 'Sin Asignar', 0),
(1248, 3, 257, 'Sin Asignar', 0),
(1249, 4, 257, 'Sin Asignar', 0),
(1250, 5, 257, 'Sin Asignar', 0),
(1251, 1, 258, 'Sin Asignar', 0),
(1252, 2, 258, 'Sin Asignar', 0),
(1253, 3, 258, 'Sin Asignar', 0),
(1254, 4, 258, 'Sin Asignar', 0),
(1255, 5, 258, 'Sin Asignar', 0),
(1256, 1, 259, 'Sin Asignar', 0),
(1257, 2, 259, 'Sin Asignar', 0),
(1258, 3, 259, 'Sin Asignar', 0),
(1259, 4, 259, 'Sin Asignar', 0),
(1260, 5, 259, 'Sin Asignar', 0),
(1261, 1, 260, 'Sin Asignar', 0),
(1262, 2, 260, 'Sin Asignar', 0),
(1263, 3, 260, 'Sin Asignar', 0),
(1264, 4, 260, 'Sin Asignar', 0),
(1265, 5, 260, 'Sin Asignar', 0),
(1266, 1, 261, 'Sin Asignar', 0),
(1267, 2, 261, 'Sin Asignar', 0),
(1268, 3, 261, 'Sin Asignar', 0),
(1269, 4, 261, 'Sin Asignar', 0),
(1270, 5, 261, 'Sin Asignar', 0),
(1271, 1, 262, 'Sin Asignar', 0),
(1272, 2, 262, 'Sin Asignar', 0),
(1273, 3, 262, 'Sin Asignar', 0),
(1274, 4, 262, 'Sin Asignar', 0),
(1275, 5, 262, 'Sin Asignar', 0),
(1276, 1, 263, 'Sin Asignar', 0),
(1277, 2, 263, 'Sin Asignar', 0),
(1278, 3, 263, 'Sin Asignar', 0),
(1279, 4, 263, 'Sin Asignar', 0),
(1280, 5, 263, 'Sin Asignar', 0),
(1281, 1, 264, 'Sin Asignar', 0),
(1282, 2, 264, 'Sin Asignar', 0),
(1283, 3, 264, 'Sin Asignar', 0),
(1284, 4, 264, 'Sin Asignar', 0),
(1285, 5, 264, 'Sin Asignar', 0),
(1286, 1, 265, 'Sin Asignar', 0),
(1287, 2, 265, 'Sin Asignar', 0),
(1288, 3, 265, 'Sin Asignar', 0),
(1289, 4, 265, 'Sin Asignar', 0),
(1290, 5, 265, 'Sin Asignar', 0),
(1291, 1, 266, 'Sin Asignar', 0),
(1292, 2, 266, 'Sin Asignar', 0),
(1293, 3, 266, 'Sin Asignar', 0),
(1294, 4, 266, 'Sin Asignar', 0),
(1295, 5, 266, 'Sin Asignar', 0),
(1296, 1, 267, 'Sin Asignar', 0),
(1297, 2, 267, 'Sin Asignar', 0),
(1298, 3, 267, 'Sin Asignar', 0),
(1299, 4, 267, 'Sin Asignar', 0),
(1300, 5, 267, 'Sin Asignar', 0),
(1301, 1, 268, 'Sin Asignar', 0),
(1302, 2, 268, 'Sin Asignar', 0),
(1303, 3, 268, 'Sin Asignar', 0),
(1304, 4, 268, 'Sin Asignar', 0),
(1305, 5, 268, 'Sin Asignar', 0),
(1306, 1, 269, 'Sin Asignar', 0),
(1307, 2, 269, 'Sin Asignar', 0),
(1308, 3, 269, 'Sin Asignar', 0),
(1309, 4, 269, 'Sin Asignar', 0),
(1310, 5, 269, 'Sin Asignar', 0),
(1311, 1, 270, 'Sin Asignar', 0),
(1312, 2, 270, 'Sin Asignar', 0),
(1313, 3, 270, 'Sin Asignar', 0),
(1314, 4, 270, 'Sin Asignar', 0),
(1315, 5, 270, 'Sin Asignar', 0),
(1316, 1, 271, 'Sin Asignar', 0),
(1317, 2, 271, 'Sin Asignar', 0),
(1318, 3, 271, 'Sin Asignar', 0),
(1319, 4, 271, 'Sin Asignar', 0),
(1320, 5, 271, 'Sin Asignar', 0),
(1321, 1, 272, 'Sin Asignar', 0),
(1322, 2, 272, 'Sin Asignar', 0),
(1323, 3, 272, 'Sin Asignar', 0),
(1324, 4, 272, 'Sin Asignar', 0),
(1325, 5, 272, 'Sin Asignar', 0),
(1326, 1, 273, 'Sin Asignar', 0),
(1327, 2, 273, 'Sin Asignar', 0),
(1328, 3, 273, 'Sin Asignar', 0),
(1329, 4, 273, 'Sin Asignar', 0),
(1330, 5, 273, 'Sin Asignar', 0),
(1331, 1, 274, 'Sin Asignar', 0),
(1332, 2, 274, 'Sin Asignar', 0),
(1333, 3, 274, 'Sin Asignar', 0),
(1334, 4, 274, 'Sin Asignar', 0),
(1335, 5, 274, 'Sin Asignar', 0),
(1336, 1, 275, 'Sin Asignar', 0),
(1337, 2, 275, 'Sin Asignar', 0),
(1338, 3, 275, 'Sin Asignar', 0),
(1339, 4, 275, 'Sin Asignar', 0),
(1340, 5, 275, 'Sin Asignar', 0),
(1341, 1, 276, 'Sin Asignar', 0),
(1342, 2, 276, 'Sin Asignar', 0),
(1343, 3, 276, 'Sin Asignar', 0),
(1344, 4, 276, 'Sin Asignar', 0),
(1345, 5, 276, 'Sin Asignar', 0),
(1346, 1, 277, 'Sin Asignar', 0),
(1347, 2, 277, 'Sin Asignar', 0),
(1348, 3, 277, 'Sin Asignar', 0),
(1349, 4, 277, 'Sin Asignar', 0),
(1350, 5, 277, 'Sin Asignar', 0),
(1351, 1, 278, 'Sin Asignar', 0),
(1352, 2, 278, 'Sin Asignar', 0),
(1353, 3, 278, 'Sin Asignar', 0),
(1354, 4, 278, 'Sin Asignar', 0),
(1355, 5, 278, 'Sin Asignar', 0),
(1356, 1, 279, 'Sin Asignar', 0),
(1357, 2, 279, 'Sin Asignar', 0),
(1358, 3, 279, 'Sin Asignar', 0),
(1359, 4, 279, 'Sin Asignar', 0),
(1360, 5, 279, 'Sin Asignar', 0),
(1361, 1, 280, 'Sin Asignar', 0),
(1362, 2, 280, 'Sin Asignar', 0),
(1363, 3, 280, 'Sin Asignar', 0),
(1364, 4, 280, 'Sin Asignar', 0),
(1365, 5, 280, 'Sin Asignar', 0),
(1366, 1, 281, 'Sin Asignar', 0),
(1367, 2, 281, 'Sin Asignar', 0),
(1368, 3, 281, 'Sin Asignar', 0),
(1369, 4, 281, 'Sin Asignar', 0),
(1370, 5, 281, 'Sin Asignar', 0),
(1371, 1, 282, 'Sin Asignar', 0),
(1372, 2, 282, 'Sin Asignar', 0),
(1373, 3, 282, 'Sin Asignar', 0),
(1374, 4, 282, 'Sin Asignar', 0),
(1375, 5, 282, 'Sin Asignar', 0),
(1376, 1, 283, 'Sin Asignar', 0),
(1377, 2, 283, 'Sin Asignar', 0),
(1378, 3, 283, 'Sin Asignar', 0),
(1379, 4, 283, 'Sin Asignar', 0),
(1380, 5, 283, 'Sin Asignar', 0),
(1381, 1, 284, 'Sin Asignar', 0),
(1382, 2, 284, 'Sin Asignar', 0),
(1383, 3, 284, 'Sin Asignar', 0),
(1384, 4, 284, 'Sin Asignar', 0),
(1385, 5, 284, 'Sin Asignar', 0),
(1386, 1, 285, 'Sin Asignar', 0),
(1387, 2, 285, 'Sin Asignar', 0),
(1388, 3, 285, 'Sin Asignar', 0),
(1389, 4, 285, 'Sin Asignar', 0),
(1390, 5, 285, 'Sin Asignar', 0),
(1391, 1, 286, 'Sin Asignar', 0),
(1392, 2, 286, 'Sin Asignar', 0),
(1393, 3, 286, 'Sin Asignar', 0),
(1394, 4, 286, 'Sin Asignar', 0),
(1395, 5, 286, 'Sin Asignar', 0),
(1396, 1, 287, 'Sin Asignar', 0),
(1397, 2, 287, 'Sin Asignar', 0),
(1398, 3, 287, 'Sin Asignar', 0),
(1399, 4, 287, 'Sin Asignar', 0),
(1400, 5, 287, 'Sin Asignar', 0),
(1401, 1, 288, 'Sin Asignar', 0),
(1402, 2, 288, 'Sin Asignar', 0),
(1403, 3, 288, 'Sin Asignar', 0),
(1404, 4, 288, 'Sin Asignar', 0),
(1405, 5, 288, 'Sin Asignar', 0),
(1406, 1, 289, 'Sin Asignar', 0),
(1407, 2, 289, 'Sin Asignar', 0),
(1408, 3, 289, 'Sin Asignar', 0),
(1409, 4, 289, 'Sin Asignar', 0),
(1410, 5, 289, 'Sin Asignar', 0),
(1411, 1, 290, 'Sin Asignar', 0),
(1412, 2, 290, 'Sin Asignar', 0),
(1413, 3, 290, 'Sin Asignar', 0),
(1414, 4, 290, 'Sin Asignar', 0),
(1415, 5, 290, 'Sin Asignar', 0),
(1416, 1, 291, 'Sin Asignar', 0),
(1417, 2, 291, 'Sin Asignar', 0),
(1418, 3, 291, 'Sin Asignar', 0),
(1419, 4, 291, 'Sin Asignar', 0),
(1420, 5, 291, 'Sin Asignar', 0),
(1421, 1, 292, 'Sin Asignar', 0),
(1422, 2, 292, 'Sin Asignar', 0),
(1423, 3, 292, 'Sin Asignar', 0),
(1424, 4, 292, 'Sin Asignar', 0),
(1425, 5, 292, 'Sin Asignar', 0),
(1426, 1, 293, 'Sin Asignar', 0),
(1427, 2, 293, 'Sin Asignar', 0),
(1428, 3, 293, 'Sin Asignar', 0),
(1429, 4, 293, 'Sin Asignar', 0),
(1430, 5, 293, 'Sin Asignar', 0),
(1431, 1, 294, 'Sin Asignar', 0),
(1432, 2, 294, 'Sin Asignar', 0),
(1433, 3, 294, 'Sin Asignar', 0),
(1434, 4, 294, 'Sin Asignar', 0),
(1435, 5, 294, 'Sin Asignar', 0),
(1436, 1, 295, 'Sin Asignar', 0),
(1437, 2, 295, 'Sin Asignar', 0),
(1438, 3, 295, 'Sin Asignar', 0),
(1439, 4, 295, 'Sin Asignar', 0),
(1440, 5, 295, 'Sin Asignar', 0),
(1441, 1, 296, 'Sin Asignar', 0),
(1442, 2, 296, 'Sin Asignar', 0),
(1443, 3, 296, 'Sin Asignar', 0),
(1444, 4, 296, 'Sin Asignar', 0),
(1445, 5, 296, 'Sin Asignar', 0),
(1446, 1, 297, 'Sin Asignar', 0),
(1447, 2, 297, 'Sin Asignar', 0),
(1448, 3, 297, 'Sin Asignar', 0),
(1449, 4, 297, 'Sin Asignar', 0),
(1450, 5, 297, 'Sin Asignar', 0),
(1451, 1, 298, 'Sin Asignar', 0),
(1452, 2, 298, 'Sin Asignar', 0),
(1453, 3, 298, 'Sin Asignar', 0),
(1454, 4, 298, 'Sin Asignar', 0),
(1455, 5, 298, 'Sin Asignar', 0),
(1456, 1, 299, 'Sin Asignar', 0),
(1457, 2, 299, 'Sin Asignar', 0),
(1458, 3, 299, 'Sin Asignar', 0),
(1459, 4, 299, 'Sin Asignar', 0),
(1460, 5, 299, 'Sin Asignar', 0),
(1461, 1, 300, 'Sin Asignar', 0),
(1462, 2, 300, 'Sin Asignar', 0),
(1463, 3, 300, 'Sin Asignar', 0),
(1464, 4, 300, 'Sin Asignar', 0),
(1465, 5, 300, 'Sin Asignar', 0),
(1466, 1, 301, 'Sin Asignar', 0),
(1467, 2, 301, 'Sin Asignar', 0),
(1468, 3, 301, 'Sin Asignar', 0),
(1469, 4, 301, 'Sin Asignar', 0),
(1470, 5, 301, 'Sin Asignar', 0),
(1471, 1, 302, 'Sin Asignar', 0),
(1472, 2, 302, 'Sin Asignar', 0),
(1473, 3, 302, 'Sin Asignar', 0),
(1474, 4, 302, 'Sin Asignar', 0),
(1475, 5, 302, 'Sin Asignar', 0),
(1476, 1, 303, 'Sin Asignar', 0),
(1477, 2, 303, 'Sin Asignar', 0),
(1478, 3, 303, 'Sin Asignar', 0),
(1479, 4, 303, 'Sin Asignar', 0),
(1480, 5, 303, 'Sin Asignar', 0),
(1481, 1, 304, 'Sin Asignar', 0),
(1482, 2, 304, 'Sin Asignar', 0),
(1483, 3, 304, 'Sin Asignar', 0),
(1484, 4, 304, 'Sin Asignar', 0),
(1485, 5, 304, 'Sin Asignar', 0),
(1486, 1, 305, 'Sin Asignar', 0),
(1487, 2, 305, 'Sin Asignar', 0),
(1488, 3, 305, 'Sin Asignar', 0),
(1489, 4, 305, 'Sin Asignar', 0),
(1490, 5, 305, 'Sin Asignar', 0),
(1491, 1, 306, 'Sin Asignar', 0),
(1492, 2, 306, 'Sin Asignar', 0),
(1493, 3, 306, 'Sin Asignar', 0),
(1494, 4, 306, 'Sin Asignar', 0),
(1495, 5, 306, 'Sin Asignar', 0),
(1496, 1, 307, 'Sin Asignar', 0),
(1497, 2, 307, 'Sin Asignar', 0),
(1498, 3, 307, 'Sin Asignar', 0),
(1499, 4, 307, 'Sin Asignar', 0),
(1500, 5, 307, 'Sin Asignar', 0),
(1501, 1, 308, 'Sin Asignar', 0),
(1502, 2, 308, 'Sin Asignar', 0),
(1503, 3, 308, 'Sin Asignar', 0),
(1504, 4, 308, 'Sin Asignar', 0),
(1505, 5, 308, 'Sin Asignar', 0),
(1506, 1, 309, 'Sin Asignar', 0),
(1507, 2, 309, 'Sin Asignar', 0),
(1508, 3, 309, 'Sin Asignar', 0),
(1509, 4, 309, 'Sin Asignar', 0),
(1510, 5, 309, 'Sin Asignar', 0),
(1511, 1, 310, 'Sin Asignar', 0),
(1512, 2, 310, 'Sin Asignar', 0),
(1513, 3, 310, 'Sin Asignar', 0),
(1514, 4, 310, 'Sin Asignar', 0),
(1515, 5, 310, 'Sin Asignar', 0),
(1516, 1, 311, 'Sin Asignar', 0),
(1517, 2, 311, 'Sin Asignar', 0),
(1518, 3, 311, 'Sin Asignar', 0),
(1519, 4, 311, 'Sin Asignar', 0),
(1520, 5, 311, 'Sin Asignar', 0),
(1521, 1, 312, 'Sin Asignar', 0),
(1522, 2, 312, 'Sin Asignar', 0),
(1523, 3, 312, 'Sin Asignar', 0),
(1524, 4, 312, 'Sin Asignar', 0),
(1525, 5, 312, 'Sin Asignar', 0),
(1526, 1, 313, 'Sin Asignar', 0),
(1527, 2, 313, 'Sin Asignar', 0),
(1528, 3, 313, 'Sin Asignar', 0),
(1529, 4, 313, 'Sin Asignar', 0),
(1530, 5, 313, 'Sin Asignar', 0),
(1531, 1, 314, 'Sin Asignar', 0),
(1532, 2, 314, 'Sin Asignar', 0),
(1533, 3, 314, 'Sin Asignar', 0),
(1534, 4, 314, 'Sin Asignar', 0),
(1535, 5, 314, 'Sin Asignar', 0),
(1536, 1, 315, 'Sin Asignar', 0),
(1537, 2, 315, 'Sin Asignar', 0),
(1538, 3, 315, 'Sin Asignar', 0),
(1539, 4, 315, 'Sin Asignar', 0),
(1540, 5, 315, 'Sin Asignar', 0),
(1541, 1, 316, 'Sin Asignar', 0),
(1542, 2, 316, 'Sin Asignar', 0),
(1543, 3, 316, 'Sin Asignar', 0),
(1544, 4, 316, 'Sin Asignar', 0),
(1545, 5, 316, 'Sin Asignar', 0),
(1546, 1, 317, 'Sin Asignar', 0),
(1547, 2, 317, 'Sin Asignar', 0),
(1548, 3, 317, 'Sin Asignar', 0),
(1549, 4, 317, 'Sin Asignar', 0),
(1550, 5, 317, 'Sin Asignar', 0),
(1551, 1, 318, 'Sin Asignar', 0),
(1552, 2, 318, 'Sin Asignar', 0),
(1553, 3, 318, 'Sin Asignar', 0),
(1554, 4, 318, 'Sin Asignar', 0),
(1555, 5, 318, 'Sin Asignar', 0),
(1556, 1, 319, 'Sin Asignar', 0),
(1557, 2, 319, 'Sin Asignar', 0),
(1558, 3, 319, 'Sin Asignar', 0),
(1559, 4, 319, 'Sin Asignar', 0),
(1560, 5, 319, 'Sin Asignar', 0),
(1561, 1, 320, 'Sin Asignar', 0),
(1562, 2, 320, 'Sin Asignar', 0),
(1563, 3, 320, 'Sin Asignar', 0),
(1564, 4, 320, 'Sin Asignar', 0),
(1565, 5, 320, 'Sin Asignar', 0),
(1566, 1, 321, 'Sin Asignar', 0),
(1567, 2, 321, 'Sin Asignar', 0),
(1568, 3, 321, 'Sin Asignar', 0),
(1569, 4, 321, 'Sin Asignar', 0),
(1570, 5, 321, 'Sin Asignar', 0),
(1571, 1, 322, 'Sin Asignar', 0),
(1572, 2, 322, 'Sin Asignar', 0),
(1573, 3, 322, 'Sin Asignar', 0),
(1574, 4, 322, 'Sin Asignar', 0),
(1575, 5, 322, 'Sin Asignar', 0),
(1576, 1, 323, 'Sin Asignar', 0),
(1577, 2, 323, 'Sin Asignar', 0),
(1578, 3, 323, 'Sin Asignar', 0),
(1579, 4, 323, 'Sin Asignar', 0),
(1580, 5, 323, 'Sin Asignar', 0),
(1581, 1, 324, 'Sin Asignar', 0),
(1582, 2, 324, 'Sin Asignar', 0),
(1583, 3, 324, 'Sin Asignar', 0),
(1584, 4, 324, 'Sin Asignar', 0),
(1585, 5, 324, 'Sin Asignar', 0),
(1586, 1, 325, 'Sin Asignar', 0),
(1587, 2, 325, 'Sin Asignar', 0),
(1588, 3, 325, 'Sin Asignar', 0),
(1589, 4, 325, 'Sin Asignar', 0),
(1590, 5, 325, 'Sin Asignar', 0),
(1591, 1, 326, 'Sin Asignar', 0),
(1592, 2, 326, 'Sin Asignar', 0),
(1593, 3, 326, 'Sin Asignar', 0),
(1594, 4, 326, 'Sin Asignar', 0),
(1595, 5, 326, 'Sin Asignar', 0),
(1596, 1, 327, 'Sin Asignar', 0),
(1597, 2, 327, 'Sin Asignar', 0),
(1598, 3, 327, 'Sin Asignar', 0),
(1599, 4, 327, 'Sin Asignar', 0),
(1600, 5, 327, 'Sin Asignar', 0),
(1601, 1, 328, 'Sin Asignar', 0),
(1602, 2, 328, 'Sin Asignar', 0),
(1603, 3, 328, 'Sin Asignar', 0),
(1604, 4, 328, 'Sin Asignar', 0),
(1605, 5, 328, 'Sin Asignar', 0),
(1606, 1, 329, 'Sin Asignar', 0),
(1607, 2, 329, 'Sin Asignar', 0),
(1608, 3, 329, 'Sin Asignar', 0),
(1609, 4, 329, 'Sin Asignar', 0),
(1610, 5, 329, 'Sin Asignar', 0),
(1611, 1, 330, 'Sin Asignar', 0),
(1612, 2, 330, 'Sin Asignar', 0),
(1613, 3, 330, 'Sin Asignar', 0),
(1614, 4, 330, 'Sin Asignar', 0),
(1615, 5, 330, 'Sin Asignar', 0),
(1616, 1, 331, 'Sin Asignar', 0),
(1617, 2, 331, 'Sin Asignar', 0),
(1618, 3, 331, 'Sin Asignar', 0),
(1619, 4, 331, 'Sin Asignar', 0),
(1620, 5, 331, 'Sin Asignar', 0),
(1621, 1, 332, 'Sin Asignar', 0),
(1622, 2, 332, 'Sin Asignar', 0),
(1623, 3, 332, 'Sin Asignar', 0),
(1624, 4, 332, 'Sin Asignar', 0),
(1625, 5, 332, 'Sin Asignar', 0),
(1626, 1, 333, 'Sin Asignar', 0),
(1627, 2, 333, 'Sin Asignar', 0),
(1628, 3, 333, 'Sin Asignar', 0),
(1629, 4, 333, 'Sin Asignar', 0),
(1630, 5, 333, 'Sin Asignar', 0),
(1631, 1, 334, 'Sin Asignar', 0),
(1632, 2, 334, 'Sin Asignar', 0),
(1633, 3, 334, 'Sin Asignar', 0),
(1634, 4, 334, 'Sin Asignar', 0),
(1635, 5, 334, 'Sin Asignar', 0),
(1636, 1, 335, 'Sin Asignar', 0),
(1637, 2, 335, 'Sin Asignar', 0),
(1638, 3, 335, 'Sin Asignar', 0),
(1639, 4, 335, 'Sin Asignar', 0),
(1640, 5, 335, 'Sin Asignar', 0),
(1641, 1, 336, 'Sin Asignar', 0),
(1642, 2, 336, 'Sin Asignar', 0),
(1643, 3, 336, 'Sin Asignar', 0),
(1644, 4, 336, 'Sin Asignar', 0),
(1645, 5, 336, 'Sin Asignar', 0),
(1646, 1, 337, 'Sin Asignar', 0),
(1647, 2, 337, 'Sin Asignar', 0),
(1648, 3, 337, 'Sin Asignar', 0),
(1649, 4, 337, 'Sin Asignar', 0),
(1650, 5, 337, 'Sin Asignar', 0),
(1651, 1, 338, 'Sin Asignar', 0),
(1652, 2, 338, 'Sin Asignar', 0),
(1653, 3, 338, 'Sin Asignar', 0),
(1654, 4, 338, 'Sin Asignar', 0),
(1655, 5, 338, 'Sin Asignar', 0),
(1656, 1, 339, 'Sin Asignar', 0),
(1657, 2, 339, 'Sin Asignar', 0),
(1658, 3, 339, 'Sin Asignar', 0),
(1659, 4, 339, 'Sin Asignar', 0),
(1660, 5, 339, 'Sin Asignar', 0),
(1661, 1, 340, 'Sin Asignar', 0),
(1662, 2, 340, 'Sin Asignar', 0),
(1663, 3, 340, 'Sin Asignar', 0),
(1664, 4, 340, 'Sin Asignar', 0),
(1665, 5, 340, 'Sin Asignar', 0),
(1666, 1, 341, 'Sin Asignar', 0),
(1667, 2, 341, 'Sin Asignar', 0),
(1668, 3, 341, 'Sin Asignar', 0),
(1669, 4, 341, 'Sin Asignar', 0),
(1670, 5, 341, 'Sin Asignar', 0),
(1671, 1, 342, 'Sin Asignar', 0),
(1672, 2, 342, 'Sin Asignar', 0),
(1673, 3, 342, 'Sin Asignar', 0),
(1674, 4, 342, 'Sin Asignar', 0),
(1675, 5, 342, 'Sin Asignar', 0),
(1676, 1, 343, 'Sin Asignar', 0),
(1677, 2, 343, 'Sin Asignar', 0),
(1678, 3, 343, 'Sin Asignar', 0),
(1679, 4, 343, 'Sin Asignar', 0),
(1680, 5, 343, 'Sin Asignar', 0),
(1681, 1, 344, 'Sin Asignar', 0),
(1682, 2, 344, 'Sin Asignar', 0),
(1683, 3, 344, 'Sin Asignar', 0),
(1684, 4, 344, 'Sin Asignar', 0),
(1685, 5, 344, 'Sin Asignar', 0),
(1686, 1, 345, 'Sin Asignar', 0),
(1687, 2, 345, 'Sin Asignar', 0),
(1688, 3, 345, 'Sin Asignar', 0),
(1689, 4, 345, 'Sin Asignar', 0),
(1690, 5, 345, 'Sin Asignar', 0),
(1691, 1, 346, 'Sin Asignar', 0),
(1692, 2, 346, 'Sin Asignar', 0),
(1693, 3, 346, 'Sin Asignar', 0),
(1694, 4, 346, 'Sin Asignar', 0),
(1695, 5, 346, 'Sin Asignar', 0),
(1696, 1, 347, 'Sin Asignar', 0),
(1697, 2, 347, 'Sin Asignar', 0),
(1698, 3, 347, 'Sin Asignar', 0),
(1699, 4, 347, 'Sin Asignar', 0),
(1700, 5, 347, 'Sin Asignar', 0),
(1701, 1, 348, 'Sin Asignar', 0),
(1702, 2, 348, 'Sin Asignar', 0),
(1703, 3, 348, 'Sin Asignar', 0),
(1704, 4, 348, 'Sin Asignar', 0),
(1705, 5, 348, 'Sin Asignar', 0),
(1706, 1, 349, 'Sin Asignar', 0),
(1707, 2, 349, 'Sin Asignar', 0),
(1708, 3, 349, 'Sin Asignar', 0),
(1709, 4, 349, 'Sin Asignar', 0),
(1710, 5, 349, 'Sin Asignar', 0),
(1711, 1, 350, 'Sin Asignar', 0),
(1712, 2, 350, 'Sin Asignar', 0),
(1713, 3, 350, 'Sin Asignar', 0),
(1714, 4, 350, 'Sin Asignar', 0),
(1715, 5, 350, 'Sin Asignar', 0),
(1716, 1, 351, 'Sin Asignar', 0),
(1717, 2, 351, 'Sin Asignar', 0),
(1718, 3, 351, 'Sin Asignar', 0),
(1719, 4, 351, 'Sin Asignar', 0),
(1720, 5, 351, 'Sin Asignar', 0),
(1721, 1, 352, 'Sin Asignar', 0),
(1722, 2, 352, 'Sin Asignar', 0),
(1723, 3, 352, 'Sin Asignar', 0),
(1724, 4, 352, 'Sin Asignar', 0),
(1725, 5, 352, 'Sin Asignar', 0),
(1726, 1, 353, 'Sin Asignar', 0),
(1727, 2, 353, 'Sin Asignar', 0),
(1728, 3, 353, 'Sin Asignar', 0),
(1729, 4, 353, 'Sin Asignar', 0),
(1730, 5, 353, 'Sin Asignar', 0),
(1731, 1, 354, 'Sin Asignar', 0),
(1732, 2, 354, 'Sin Asignar', 0),
(1733, 3, 354, 'Sin Asignar', 0),
(1734, 4, 354, 'Sin Asignar', 0),
(1735, 5, 354, 'Sin Asignar', 0),
(1736, 1, 355, 'Sin Asignar', 0),
(1737, 2, 355, 'Sin Asignar', 0),
(1738, 3, 355, 'Sin Asignar', 0),
(1739, 4, 355, 'Sin Asignar', 0),
(1740, 5, 355, 'Sin Asignar', 0),
(1741, 1, 356, 'Sin Asignar', 0),
(1742, 2, 356, 'Sin Asignar', 0),
(1743, 3, 356, 'Sin Asignar', 0),
(1744, 4, 356, 'Sin Asignar', 0),
(1745, 5, 356, 'Sin Asignar', 0),
(1746, 1, 357, 'Sin Asignar', 0),
(1747, 2, 357, 'Sin Asignar', 0),
(1748, 3, 357, 'Sin Asignar', 0),
(1749, 4, 357, 'Sin Asignar', 0),
(1750, 5, 357, 'Sin Asignar', 0),
(1751, 1, 358, 'Sin Asignar', 0),
(1752, 2, 358, 'Sin Asignar', 0),
(1753, 3, 358, 'Sin Asignar', 0),
(1754, 4, 358, 'Sin Asignar', 0),
(1755, 5, 358, 'Sin Asignar', 0),
(1756, 1, 359, 'Sin Asignar', 0),
(1757, 2, 359, 'Sin Asignar', 0),
(1758, 3, 359, 'Sin Asignar', 0),
(1759, 4, 359, 'Sin Asignar', 0),
(1760, 5, 359, 'Sin Asignar', 0),
(1761, 1, 360, 'Sin Asignar', 0),
(1762, 2, 360, 'Sin Asignar', 0),
(1763, 3, 360, 'Sin Asignar', 0),
(1764, 4, 360, 'Sin Asignar', 0),
(1765, 5, 360, 'Sin Asignar', 0),
(1766, 1, 361, 'Sin Asignar', 0),
(1767, 2, 361, 'Sin Asignar', 0),
(1768, 3, 361, 'Sin Asignar', 0),
(1769, 4, 361, 'Sin Asignar', 0),
(1770, 5, 361, 'Sin Asignar', 0),
(1771, 1, 362, 'Sin Asignar', 0),
(1772, 2, 362, 'Sin Asignar', 0),
(1773, 3, 362, 'Sin Asignar', 0),
(1774, 4, 362, 'Sin Asignar', 0),
(1775, 5, 362, 'Sin Asignar', 0),
(1776, 1, 363, 'Sin Asignar', 0),
(1777, 2, 363, 'Sin Asignar', 0),
(1778, 3, 363, 'Sin Asignar', 0),
(1779, 4, 363, 'Sin Asignar', 0),
(1780, 5, 363, 'Sin Asignar', 0),
(1781, 1, 364, 'Sin Asignar', 0),
(1782, 2, 364, 'Sin Asignar', 0),
(1783, 3, 364, 'Sin Asignar', 0),
(1784, 4, 364, 'Sin Asignar', 0),
(1785, 5, 364, 'Sin Asignar', 0),
(1786, 1, 365, 'Sin Asignar', 0),
(1787, 2, 365, 'Sin Asignar', 0),
(1788, 3, 365, 'Sin Asignar', 0),
(1789, 4, 365, 'Sin Asignar', 0),
(1790, 5, 365, 'Sin Asignar', 0),
(1791, 1, 366, 'Sin Asignar', 0),
(1792, 2, 366, 'Sin Asignar', 0),
(1793, 3, 366, 'Sin Asignar', 0),
(1794, 4, 366, 'Sin Asignar', 0),
(1795, 5, 366, 'Sin Asignar', 0),
(1796, 1, 367, 'Sin Asignar', 0),
(1797, 2, 367, 'Sin Asignar', 0),
(1798, 3, 367, 'Sin Asignar', 0),
(1799, 4, 367, 'Sin Asignar', 0),
(1800, 5, 367, 'Sin Asignar', 0),
(1801, 1, 368, 'Sin Asignar', 0),
(1802, 2, 368, 'Sin Asignar', 0),
(1803, 3, 368, 'Sin Asignar', 0),
(1804, 4, 368, 'Sin Asignar', 0),
(1805, 5, 368, 'Sin Asignar', 0),
(1806, 1, 369, 'Sin Asignar', 0),
(1807, 2, 369, 'Sin Asignar', 0),
(1808, 3, 369, 'Sin Asignar', 0),
(1809, 4, 369, 'Sin Asignar', 0),
(1810, 5, 369, 'Sin Asignar', 0),
(1811, 1, 370, 'Sin Asignar', 0),
(1812, 2, 370, 'Sin Asignar', 0),
(1813, 3, 370, 'Sin Asignar', 0),
(1814, 4, 370, 'Sin Asignar', 0),
(1815, 5, 370, 'Sin Asignar', 0),
(1816, 1, 371, 'Sin Asignar', 0),
(1817, 2, 371, 'Sin Asignar', 0),
(1818, 3, 371, 'Sin Asignar', 0),
(1819, 4, 371, 'Sin Asignar', 0),
(1820, 5, 371, 'Sin Asignar', 0),
(1821, 1, 372, 'Sin Asignar', 0),
(1822, 2, 372, 'Sin Asignar', 0),
(1823, 3, 372, 'Sin Asignar', 0),
(1824, 4, 372, 'Sin Asignar', 0),
(1825, 5, 372, 'Sin Asignar', 0),
(1826, 1, 373, 'Sin Asignar', 0),
(1827, 2, 373, 'Sin Asignar', 0),
(1828, 3, 373, 'Sin Asignar', 0),
(1829, 4, 373, 'Sin Asignar', 0),
(1830, 5, 373, 'Sin Asignar', 0),
(1831, 1, 374, 'Sin Asignar', 0),
(1832, 2, 374, 'Sin Asignar', 0),
(1833, 3, 374, 'Sin Asignar', 0),
(1834, 4, 374, 'Sin Asignar', 0),
(1835, 5, 374, 'Sin Asignar', 0),
(1836, 1, 375, 'Sin Asignar', 0),
(1837, 2, 375, 'Sin Asignar', 0),
(1838, 3, 375, 'Sin Asignar', 0),
(1839, 4, 375, 'Sin Asignar', 0),
(1840, 5, 375, 'Sin Asignar', 0),
(1841, 1, 376, 'Sin Asignar', 0),
(1842, 2, 376, 'Sin Asignar', 0),
(1843, 3, 376, 'Sin Asignar', 0),
(1844, 4, 376, 'Sin Asignar', 0),
(1845, 5, 376, 'Sin Asignar', 0),
(1846, 1, 377, 'Sin Asignar', 0),
(1847, 2, 377, 'Sin Asignar', 0),
(1848, 3, 377, 'Sin Asignar', 0),
(1849, 4, 377, 'Sin Asignar', 0),
(1850, 5, 377, 'Sin Asignar', 0),
(1851, 1, 378, 'Sin Asignar', 0),
(1852, 2, 378, 'Sin Asignar', 0),
(1853, 3, 378, 'Sin Asignar', 0),
(1854, 4, 378, 'Sin Asignar', 0),
(1855, 5, 378, 'Sin Asignar', 0),
(1856, 1, 379, 'Sin Asignar', 0),
(1857, 2, 379, 'Sin Asignar', 0),
(1858, 3, 379, 'Sin Asignar', 0),
(1859, 4, 379, 'Sin Asignar', 0),
(1860, 5, 379, 'Sin Asignar', 0),
(1861, 1, 380, 'Sin Asignar', 0),
(1862, 2, 380, 'Sin Asignar', 0),
(1863, 3, 380, 'Sin Asignar', 0),
(1864, 4, 380, 'Sin Asignar', 0),
(1865, 5, 380, 'Sin Asignar', 0),
(1866, 1, 381, 'Sin Asignar', 0),
(1867, 2, 381, 'Sin Asignar', 0),
(1868, 3, 381, 'Sin Asignar', 0),
(1869, 4, 381, 'Sin Asignar', 0),
(1870, 5, 381, 'Sin Asignar', 0),
(1871, 1, 382, 'Sin Asignar', 0),
(1872, 2, 382, 'Sin Asignar', 0),
(1873, 3, 382, 'Sin Asignar', 0),
(1874, 4, 382, 'Sin Asignar', 0),
(1875, 5, 382, 'Sin Asignar', 0),
(1876, 1, 383, 'Sin Asignar', 0),
(1877, 2, 383, 'Sin Asignar', 0),
(1878, 3, 383, 'Sin Asignar', 0),
(1879, 4, 383, 'Sin Asignar', 0),
(1880, 5, 383, 'Sin Asignar', 0),
(1881, 1, 384, 'Sin Asignar', 0),
(1882, 2, 384, 'Sin Asignar', 0),
(1883, 3, 384, 'Sin Asignar', 0),
(1884, 4, 384, 'Sin Asignar', 0),
(1885, 5, 384, 'Sin Asignar', 0),
(1886, 1, 385, 'Sin Asignar', 0),
(1887, 2, 385, 'Sin Asignar', 0),
(1888, 3, 385, 'Sin Asignar', 0),
(1889, 4, 385, 'Sin Asignar', 0),
(1890, 5, 385, 'Sin Asignar', 0),
(1891, 1, 386, 'Sin Asignar', 0),
(1892, 2, 386, 'Sin Asignar', 0),
(1893, 3, 386, 'Sin Asignar', 0),
(1894, 4, 386, 'Sin Asignar', 0),
(1895, 5, 386, 'Sin Asignar', 0),
(1896, 1, 387, 'Sin Asignar', 0),
(1897, 2, 387, 'Sin Asignar', 0),
(1898, 3, 387, 'Sin Asignar', 0),
(1899, 4, 387, 'Sin Asignar', 0),
(1900, 5, 387, 'Sin Asignar', 0),
(1901, 1, 388, 'Sin Asignar', 0),
(1902, 2, 388, 'Sin Asignar', 0),
(1903, 3, 388, 'Sin Asignar', 0),
(1904, 4, 388, 'Sin Asignar', 0),
(1905, 5, 388, 'Sin Asignar', 0),
(1906, 1, 389, 'Sin Asignar', 0),
(1907, 2, 389, 'Sin Asignar', 0),
(1908, 3, 389, 'Sin Asignar', 0),
(1909, 4, 389, 'Sin Asignar', 0),
(1910, 5, 389, 'Sin Asignar', 0),
(1911, 1, 390, 'Sin Asignar', 0),
(1912, 2, 390, 'Sin Asignar', 0),
(1913, 3, 390, 'Sin Asignar', 0),
(1914, 4, 390, 'Sin Asignar', 0),
(1915, 5, 390, 'Sin Asignar', 0),
(1916, 1, 391, 'Sin Asignar', 0),
(1917, 2, 391, 'Sin Asignar', 0),
(1918, 3, 391, 'Sin Asignar', 0),
(1919, 4, 391, 'Sin Asignar', 0),
(1920, 5, 391, 'Sin Asignar', 0),
(1921, 1, 392, 'Sin Asignar', 0),
(1922, 2, 392, 'Sin Asignar', 0),
(1923, 3, 392, 'Sin Asignar', 0),
(1924, 4, 392, 'Sin Asignar', 0),
(1925, 5, 392, 'Sin Asignar', 0),
(1926, 1, 393, 'Sin Asignar', 0),
(1927, 2, 393, 'Sin Asignar', 0),
(1928, 3, 393, 'Sin Asignar', 0),
(1929, 4, 393, 'Sin Asignar', 0),
(1930, 5, 393, 'Sin Asignar', 0),
(1931, 1, 394, 'Sin Asignar', 0),
(1932, 2, 394, 'Sin Asignar', 0),
(1933, 3, 394, 'Sin Asignar', 0),
(1934, 4, 394, 'Sin Asignar', 0),
(1935, 5, 394, 'Sin Asignar', 0),
(1936, 1, 395, 'Sin Asignar', 0),
(1937, 2, 395, 'Sin Asignar', 0),
(1938, 3, 395, 'Sin Asignar', 0),
(1939, 4, 395, 'Sin Asignar', 0),
(1940, 5, 395, 'Sin Asignar', 0),
(1941, 1, 396, 'Sin Asignar', 0),
(1942, 2, 396, 'Sin Asignar', 0),
(1943, 3, 396, 'Sin Asignar', 0),
(1944, 4, 396, 'Sin Asignar', 0),
(1945, 5, 396, 'Sin Asignar', 0),
(1946, 1, 397, 'Sin Asignar', 0),
(1947, 2, 397, 'Sin Asignar', 0),
(1948, 3, 397, 'Sin Asignar', 0),
(1949, 4, 397, 'Sin Asignar', 0),
(1950, 5, 397, 'Sin Asignar', 0),
(1951, 1, 398, 'Sin Asignar', 0),
(1952, 2, 398, 'Sin Asignar', 0),
(1953, 3, 398, 'Sin Asignar', 0),
(1954, 4, 398, 'Sin Asignar', 0),
(1955, 5, 398, 'Sin Asignar', 0),
(1956, 1, 399, 'Sin Asignar', 0),
(1957, 2, 399, 'Sin Asignar', 0),
(1958, 3, 399, 'Sin Asignar', 0),
(1959, 4, 399, 'Sin Asignar', 0),
(1960, 5, 399, 'Sin Asignar', 0),
(1961, 1, 400, 'Sin Asignar', 0),
(1962, 2, 400, 'Sin Asignar', 0),
(1963, 3, 400, 'Sin Asignar', 0),
(1964, 4, 400, 'Sin Asignar', 0),
(1965, 5, 400, 'Sin Asignar', 0),
(1966, 1, 401, 'Sin Asignar', 0),
(1967, 2, 401, 'Sin Asignar', 0),
(1968, 3, 401, 'Sin Asignar', 0),
(1969, 4, 401, 'Sin Asignar', 0),
(1970, 5, 401, 'Sin Asignar', 0),
(1971, 1, 402, 'Sin Asignar', 0),
(1972, 2, 402, 'Sin Asignar', 0),
(1973, 3, 402, 'Sin Asignar', 0),
(1974, 4, 402, 'Sin Asignar', 0),
(1975, 5, 402, 'Sin Asignar', 0),
(1976, 1, 403, 'Sin Asignar', 0),
(1977, 2, 403, 'Sin Asignar', 0),
(1978, 3, 403, 'Sin Asignar', 0),
(1979, 4, 403, 'Sin Asignar', 0),
(1980, 5, 403, 'Sin Asignar', 0),
(1981, 1, 404, 'Sin Asignar', 0),
(1982, 2, 404, 'Sin Asignar', 0),
(1983, 3, 404, 'Sin Asignar', 0),
(1984, 4, 404, 'Sin Asignar', 0),
(1985, 5, 404, 'Sin Asignar', 0),
(1986, 1, 405, 'Sin Asignar', 0),
(1987, 2, 405, 'Sin Asignar', 0),
(1988, 3, 405, 'Sin Asignar', 0),
(1989, 4, 405, 'Sin Asignar', 0),
(1990, 5, 405, 'Sin Asignar', 0),
(1991, 1, 406, 'Sin Asignar', 0),
(1992, 2, 406, 'Sin Asignar', 0),
(1993, 3, 406, 'Sin Asignar', 0),
(1994, 4, 406, 'Sin Asignar', 0),
(1995, 5, 406, 'Sin Asignar', 0),
(1996, 1, 407, 'Sin Asignar', 0),
(1997, 2, 407, 'Sin Asignar', 0),
(1998, 3, 407, 'Sin Asignar', 0),
(1999, 4, 407, 'Sin Asignar', 0),
(2000, 5, 407, 'Sin Asignar', 0),
(2001, 1, 408, 'Sin Asignar', 0),
(2002, 2, 408, 'Sin Asignar', 0),
(2003, 3, 408, 'Sin Asignar', 0),
(2004, 4, 408, 'Sin Asignar', 0),
(2005, 5, 408, 'Sin Asignar', 0),
(2006, 1, 409, 'Sin Asignar', 0),
(2007, 2, 409, 'Sin Asignar', 0),
(2008, 3, 409, 'Sin Asignar', 0),
(2009, 4, 409, 'Sin Asignar', 0),
(2010, 5, 409, 'Sin Asignar', 0),
(2011, 1, 410, 'Sin Asignar', 0),
(2012, 2, 410, 'Sin Asignar', 0),
(2013, 3, 410, 'Sin Asignar', 0),
(2014, 4, 410, 'Sin Asignar', 0),
(2015, 5, 410, 'Sin Asignar', 0),
(2016, 1, 411, 'Sin Asignar', 0),
(2017, 2, 411, 'Sin Asignar', 0),
(2018, 3, 411, 'Sin Asignar', 0),
(2019, 4, 411, 'Sin Asignar', 0),
(2020, 5, 411, 'Sin Asignar', 0),
(2021, 1, 412, 'Sin Asignar', 0),
(2022, 2, 412, 'Sin Asignar', 0),
(2023, 3, 412, 'Sin Asignar', 0),
(2024, 4, 412, 'Sin Asignar', 0),
(2025, 5, 412, 'Sin Asignar', 0),
(2026, 1, 413, 'Sin Asignar', 0),
(2027, 2, 413, 'Sin Asignar', 0),
(2028, 3, 413, 'Sin Asignar', 0),
(2029, 4, 413, 'Sin Asignar', 0),
(2030, 5, 413, 'Sin Asignar', 0),
(2031, 1, 414, 'Sin Asignar', 0),
(2032, 2, 414, 'Sin Asignar', 0),
(2033, 3, 414, 'Sin Asignar', 0),
(2034, 4, 414, 'Sin Asignar', 0),
(2035, 5, 414, 'Sin Asignar', 0),
(2036, 1, 415, 'Sin Asignar', 0),
(2037, 2, 415, 'Sin Asignar', 0),
(2038, 3, 415, 'Sin Asignar', 0),
(2039, 4, 415, 'Sin Asignar', 0),
(2040, 5, 415, 'Sin Asignar', 0),
(2041, 1, 416, 'Sin Asignar', 0),
(2042, 2, 416, 'Sin Asignar', 0),
(2043, 3, 416, 'Sin Asignar', 0),
(2044, 4, 416, 'Sin Asignar', 0),
(2045, 5, 416, 'Sin Asignar', 0),
(2046, 1, 417, 'Sin Asignar', 0),
(2047, 2, 417, 'Sin Asignar', 0),
(2048, 3, 417, 'Sin Asignar', 0),
(2049, 4, 417, 'Sin Asignar', 0),
(2050, 5, 417, 'Sin Asignar', 0),
(2051, 1, 418, 'Sin Asignar', 0),
(2052, 2, 418, 'Sin Asignar', 0),
(2053, 3, 418, 'Sin Asignar', 0),
(2054, 4, 418, 'Sin Asignar', 0),
(2055, 5, 418, 'Sin Asignar', 0),
(2056, 1, 419, 'Sin Asignar', 0),
(2057, 2, 419, 'Sin Asignar', 0),
(2058, 3, 419, 'Sin Asignar', 0),
(2059, 4, 419, 'Sin Asignar', 0),
(2060, 5, 419, 'Sin Asignar', 0),
(2061, 1, 420, 'Sin Asignar', 0),
(2062, 2, 420, 'Sin Asignar', 0),
(2063, 3, 420, 'Sin Asignar', 0),
(2064, 4, 420, 'Sin Asignar', 0),
(2065, 5, 420, 'Sin Asignar', 0),
(2066, 1, 421, 'Sin Asignar', 0),
(2067, 2, 421, 'Sin Asignar', 0),
(2068, 3, 421, 'Sin Asignar', 0),
(2069, 4, 421, 'Sin Asignar', 0),
(2070, 5, 421, 'Sin Asignar', 0),
(2071, 1, 422, 'Sin Asignar', 0),
(2072, 2, 422, 'Sin Asignar', 0),
(2073, 3, 422, 'Sin Asignar', 0),
(2074, 4, 422, 'Sin Asignar', 0),
(2075, 5, 422, 'Sin Asignar', 0),
(2076, 1, 423, 'Sin Asignar', 0),
(2077, 2, 423, 'Sin Asignar', 0),
(2078, 3, 423, 'Sin Asignar', 0),
(2079, 4, 423, 'Sin Asignar', 0),
(2080, 5, 423, 'Sin Asignar', 0),
(2081, 1, 424, 'Sin Asignar', 0),
(2082, 2, 424, 'Sin Asignar', 0),
(2083, 3, 424, 'Sin Asignar', 0),
(2084, 4, 424, 'Sin Asignar', 0),
(2085, 5, 424, 'Sin Asignar', 0),
(2086, 1, 425, 'Sin Asignar', 0),
(2087, 2, 425, 'Sin Asignar', 0),
(2088, 3, 425, 'Sin Asignar', 0),
(2089, 4, 425, 'Sin Asignar', 0),
(2090, 5, 425, 'Sin Asignar', 0),
(2091, 1, 426, 'Sin Asignar', 0),
(2092, 2, 426, 'Sin Asignar', 0),
(2093, 3, 426, 'Sin Asignar', 0),
(2094, 4, 426, 'Sin Asignar', 0),
(2095, 5, 426, 'Sin Asignar', 0),
(2096, 1, 427, 'Sin Asignar', 0),
(2097, 2, 427, 'Sin Asignar', 0),
(2098, 3, 427, 'Sin Asignar', 0),
(2099, 4, 427, 'Sin Asignar', 0),
(2100, 5, 427, 'Sin Asignar', 0),
(2101, 1, 428, 'Sin Asignar', 0),
(2102, 2, 428, 'Sin Asignar', 0),
(2103, 3, 428, 'Sin Asignar', 0),
(2104, 4, 428, 'Sin Asignar', 0),
(2105, 5, 428, 'Sin Asignar', 0),
(2106, 1, 429, 'Sin Asignar', 0),
(2107, 2, 429, 'Sin Asignar', 0),
(2108, 3, 429, 'Sin Asignar', 0),
(2109, 4, 429, 'Sin Asignar', 0),
(2110, 5, 429, 'Sin Asignar', 0),
(2111, 1, 430, 'Sin Asignar', 0),
(2112, 2, 430, 'Sin Asignar', 0),
(2113, 3, 430, 'Sin Asignar', 0),
(2114, 4, 430, 'Sin Asignar', 0),
(2115, 5, 430, 'Sin Asignar', 0),
(2116, 1, 431, 'Sin Asignar', 0),
(2117, 2, 431, 'Sin Asignar', 0),
(2118, 3, 431, 'Sin Asignar', 0),
(2119, 4, 431, 'Sin Asignar', 0),
(2120, 5, 431, 'Sin Asignar', 0),
(2121, 1, 432, 'Sin Asignar', 0),
(2122, 2, 432, 'Sin Asignar', 0),
(2123, 3, 432, 'Sin Asignar', 0),
(2124, 4, 432, 'Sin Asignar', 0),
(2125, 5, 432, 'Sin Asignar', 0),
(2126, 1, 433, 'Sin Asignar', 0),
(2127, 2, 433, 'Sin Asignar', 0),
(2128, 3, 433, 'Sin Asignar', 0),
(2129, 4, 433, 'Sin Asignar', 0),
(2130, 5, 433, 'Sin Asignar', 0),
(2131, 1, 434, 'Sin Asignar', 0),
(2132, 2, 434, 'Sin Asignar', 0),
(2133, 3, 434, 'Sin Asignar', 0),
(2134, 4, 434, 'Sin Asignar', 0),
(2135, 5, 434, 'Sin Asignar', 0),
(2136, 1, 435, 'Sin Asignar', 0),
(2137, 2, 435, 'Sin Asignar', 0),
(2138, 3, 435, 'Sin Asignar', 0),
(2139, 4, 435, 'Sin Asignar', 0),
(2140, 5, 435, 'Sin Asignar', 0),
(2141, 1, 436, 'Sin Asignar', 0),
(2142, 2, 436, 'Sin Asignar', 0),
(2143, 3, 436, 'Sin Asignar', 0),
(2144, 4, 436, 'Sin Asignar', 0),
(2145, 5, 436, 'Sin Asignar', 0),
(2146, 1, 437, 'Sin Asignar', 0),
(2147, 2, 437, 'Sin Asignar', 0),
(2148, 3, 437, 'Sin Asignar', 0),
(2149, 4, 437, 'Sin Asignar', 0),
(2150, 5, 437, 'Sin Asignar', 0),
(2151, 1, 438, 'Sin Asignar', 0),
(2152, 2, 438, 'Sin Asignar', 0),
(2153, 3, 438, 'Sin Asignar', 0),
(2154, 4, 438, 'Sin Asignar', 0),
(2155, 5, 438, 'Sin Asignar', 0),
(2156, 1, 439, 'Sin Asignar', 0),
(2157, 2, 439, 'Sin Asignar', 0),
(2158, 3, 439, 'Sin Asignar', 0),
(2159, 4, 439, 'Sin Asignar', 0),
(2160, 5, 439, 'Sin Asignar', 0),
(2161, 1, 440, 'Sin Asignar', 0),
(2162, 2, 440, 'Sin Asignar', 0),
(2163, 3, 440, 'Sin Asignar', 0),
(2164, 4, 440, 'Sin Asignar', 0),
(2165, 5, 440, 'Sin Asignar', 0),
(2166, 1, 441, 'Sin Asignar', 0),
(2167, 2, 441, 'Sin Asignar', 0),
(2168, 3, 441, 'Sin Asignar', 0),
(2169, 4, 441, 'Sin Asignar', 0),
(2170, 5, 441, 'Sin Asignar', 0),
(2171, 1, 442, 'Sin Asignar', 0),
(2172, 2, 442, 'Sin Asignar', 0),
(2173, 3, 442, 'Sin Asignar', 0),
(2174, 4, 442, 'Sin Asignar', 0),
(2175, 5, 442, 'Sin Asignar', 0),
(2176, 1, 443, 'Sin Asignar', 0),
(2177, 2, 443, 'Sin Asignar', 0),
(2178, 3, 443, 'Sin Asignar', 0),
(2179, 4, 443, 'Sin Asignar', 0),
(2180, 5, 443, 'Sin Asignar', 0),
(2181, 1, 444, 'Sin Asignar', 0),
(2182, 2, 444, 'Sin Asignar', 0),
(2183, 3, 444, 'Sin Asignar', 0),
(2184, 4, 444, 'Sin Asignar', 0),
(2185, 5, 444, 'Sin Asignar', 0),
(2186, 1, 445, 'Sin Asignar', 0),
(2187, 2, 445, 'Sin Asignar', 0),
(2188, 3, 445, 'Sin Asignar', 0),
(2189, 4, 445, 'Sin Asignar', 0),
(2190, 5, 445, 'Sin Asignar', 0),
(2191, 1, 446, 'Sin Asignar', 0),
(2192, 2, 446, 'Sin Asignar', 0),
(2193, 3, 446, 'Sin Asignar', 0),
(2194, 4, 446, 'Sin Asignar', 0),
(2195, 5, 446, 'Sin Asignar', 0),
(2196, 1, 447, 'Sin Asignar', 0),
(2197, 2, 447, 'Sin Asignar', 0),
(2198, 3, 447, 'Sin Asignar', 0),
(2199, 4, 447, 'Sin Asignar', 0),
(2200, 5, 447, 'Sin Asignar', 0),
(2201, 1, 448, 'Sin Asignar', 0),
(2202, 2, 448, 'Sin Asignar', 0),
(2203, 3, 448, 'Sin Asignar', 0),
(2204, 4, 448, 'Sin Asignar', 0),
(2205, 5, 448, 'Sin Asignar', 0),
(2206, 1, 449, 'Sin Asignar', 0),
(2207, 2, 449, 'Sin Asignar', 0),
(2208, 3, 449, 'Sin Asignar', 0),
(2209, 4, 449, 'Sin Asignar', 0),
(2210, 5, 449, 'Sin Asignar', 0),
(2211, 1, 450, 'Sin Asignar', 0),
(2212, 2, 450, 'Sin Asignar', 0),
(2213, 3, 450, 'Sin Asignar', 0),
(2214, 4, 450, 'Sin Asignar', 0),
(2215, 5, 450, 'Sin Asignar', 0),
(2216, 1, 451, 'Sin Asignar', 0),
(2217, 2, 451, 'Sin Asignar', 0),
(2218, 3, 451, 'Sin Asignar', 0),
(2219, 4, 451, 'Sin Asignar', 0),
(2220, 5, 451, 'Sin Asignar', 0),
(2221, 1, 452, 'Sin Asignar', 0),
(2222, 2, 452, 'Sin Asignar', 0),
(2223, 3, 452, 'Sin Asignar', 0),
(2224, 4, 452, 'Sin Asignar', 0),
(2225, 5, 452, 'Sin Asignar', 0),
(2226, 1, 453, 'Sin Asignar', 0),
(2227, 2, 453, 'Sin Asignar', 0),
(2228, 3, 453, 'Sin Asignar', 0),
(2229, 4, 453, 'Sin Asignar', 0),
(2230, 5, 453, 'Sin Asignar', 0),
(2231, 1, 454, 'Sin Asignar', 0),
(2232, 2, 454, 'Sin Asignar', 0),
(2233, 3, 454, 'Sin Asignar', 0),
(2234, 4, 454, 'Sin Asignar', 0),
(2235, 5, 454, 'Sin Asignar', 0),
(2236, 1, 455, 'Sin Asignar', 0),
(2237, 2, 455, 'Sin Asignar', 0),
(2238, 3, 455, 'Sin Asignar', 0),
(2239, 4, 455, 'Sin Asignar', 0),
(2240, 5, 455, 'Sin Asignar', 0),
(2241, 1, 456, 'Sin Asignar', 0),
(2242, 2, 456, 'Sin Asignar', 0),
(2243, 3, 456, 'Sin Asignar', 0),
(2244, 4, 456, 'Sin Asignar', 0),
(2245, 5, 456, 'Sin Asignar', 0),
(2246, 1, 457, 'Sin Asignar', 0),
(2247, 2, 457, 'Sin Asignar', 0),
(2248, 3, 457, 'Sin Asignar', 0),
(2249, 4, 457, 'Sin Asignar', 0),
(2250, 5, 457, 'Sin Asignar', 0),
(2251, 1, 458, 'Sin Asignar', 0),
(2252, 2, 458, 'Sin Asignar', 0),
(2253, 3, 458, 'Sin Asignar', 0),
(2254, 4, 458, 'Sin Asignar', 0),
(2255, 5, 458, 'Sin Asignar', 0),
(2256, 1, 459, 'Sin Asignar', 0),
(2257, 2, 459, 'Sin Asignar', 0),
(2258, 3, 459, 'Sin Asignar', 0),
(2259, 4, 459, 'Sin Asignar', 0),
(2260, 5, 459, 'Sin Asignar', 0),
(2261, 1, 460, 'Sin Asignar', 0),
(2262, 2, 460, 'Sin Asignar', 0),
(2263, 3, 460, 'Sin Asignar', 0),
(2264, 4, 460, 'Sin Asignar', 0),
(2265, 5, 460, 'Sin Asignar', 0),
(2266, 1, 461, 'Sin Asignar', 0),
(2267, 2, 461, 'Sin Asignar', 0),
(2268, 3, 461, 'Sin Asignar', 0),
(2269, 4, 461, 'Sin Asignar', 0),
(2270, 5, 461, 'Sin Asignar', 0),
(2271, 1, 462, 'Sin Asignar', 0),
(2272, 2, 462, 'Sin Asignar', 0),
(2273, 3, 462, 'Sin Asignar', 0),
(2274, 4, 462, 'Sin Asignar', 0),
(2275, 5, 462, 'Sin Asignar', 0),
(2276, 1, 463, 'Sin Asignar', 0),
(2277, 2, 463, 'Sin Asignar', 0),
(2278, 3, 463, 'Sin Asignar', 0),
(2279, 4, 463, 'Sin Asignar', 0),
(2280, 5, 463, 'Sin Asignar', 0),
(2281, 1, 464, 'Sin Asignar', 0),
(2282, 2, 464, 'Sin Asignar', 0),
(2283, 3, 464, 'Sin Asignar', 0),
(2284, 4, 464, 'Sin Asignar', 0),
(2285, 5, 464, 'Sin Asignar', 0),
(2286, 1, 465, 'Sin Asignar', 0),
(2287, 2, 465, 'Sin Asignar', 0),
(2288, 3, 465, 'Sin Asignar', 0),
(2289, 4, 465, 'Sin Asignar', 0),
(2290, 5, 465, 'Sin Asignar', 0),
(2291, 1, 466, 'Sin Asignar', 0),
(2292, 2, 466, 'Sin Asignar', 0),
(2293, 3, 466, 'Sin Asignar', 0),
(2294, 4, 466, 'Sin Asignar', 0),
(2295, 5, 466, 'Sin Asignar', 0),
(2296, 1, 467, 'Sin Asignar', 0),
(2297, 2, 467, 'Sin Asignar', 0),
(2298, 3, 467, 'Sin Asignar', 0),
(2299, 4, 467, 'Sin Asignar', 0),
(2300, 5, 467, 'Sin Asignar', 0),
(2301, 1, 468, 'Sin Asignar', 0),
(2302, 2, 468, 'Sin Asignar', 0),
(2303, 3, 468, 'Sin Asignar', 0),
(2304, 4, 468, 'Sin Asignar', 0),
(2305, 5, 468, 'Sin Asignar', 0),
(2306, 1, 469, 'Sin Asignar', 0),
(2307, 2, 469, 'Sin Asignar', 0),
(2308, 3, 469, 'Sin Asignar', 0),
(2309, 4, 469, 'Sin Asignar', 0),
(2310, 5, 469, 'Sin Asignar', 0),
(2311, 1, 470, 'Sin Asignar', 0),
(2312, 2, 470, 'Sin Asignar', 0),
(2313, 3, 470, 'Sin Asignar', 0),
(2314, 4, 470, 'Sin Asignar', 0),
(2315, 5, 470, 'Sin Asignar', 0),
(2316, 1, 471, 'Sin Asignar', 0),
(2317, 2, 471, 'Sin Asignar', 0),
(2318, 3, 471, 'Sin Asignar', 0),
(2319, 4, 471, 'Sin Asignar', 0),
(2320, 5, 471, 'Sin Asignar', 0),
(2321, 1, 472, 'Sin Asignar', 0),
(2322, 2, 472, 'Sin Asignar', 0),
(2323, 3, 472, 'Sin Asignar', 0),
(2324, 4, 472, 'Sin Asignar', 0),
(2325, 5, 472, 'Sin Asignar', 0),
(2326, 1, 473, 'Sin Asignar', 0),
(2327, 2, 473, 'Sin Asignar', 0),
(2328, 3, 473, 'Sin Asignar', 0),
(2329, 4, 473, 'Sin Asignar', 0),
(2330, 5, 473, 'Sin Asignar', 0),
(2331, 1, 474, 'Sin Asignar', 0),
(2332, 2, 474, 'Sin Asignar', 0),
(2333, 3, 474, 'Sin Asignar', 0),
(2334, 4, 474, 'Sin Asignar', 0),
(2335, 5, 474, 'Sin Asignar', 0),
(2336, 1, 475, 'Sin Asignar', 0),
(2337, 2, 475, 'Sin Asignar', 0),
(2338, 3, 475, 'Sin Asignar', 0),
(2339, 4, 475, 'Sin Asignar', 0),
(2340, 5, 475, 'Sin Asignar', 0),
(2341, 1, 476, 'Sin Asignar', 0),
(2342, 2, 476, 'Sin Asignar', 0),
(2343, 3, 476, 'Sin Asignar', 0),
(2344, 4, 476, 'Sin Asignar', 0),
(2345, 5, 476, 'Sin Asignar', 0),
(2346, 1, 477, 'Sin Asignar', 0),
(2347, 2, 477, 'Sin Asignar', 0),
(2348, 3, 477, 'Sin Asignar', 0),
(2349, 4, 477, 'Sin Asignar', 0),
(2350, 5, 477, 'Sin Asignar', 0),
(2351, 1, 478, 'Sin Asignar', 0),
(2352, 2, 478, 'Sin Asignar', 0),
(2353, 3, 478, 'Sin Asignar', 0),
(2354, 4, 478, 'Sin Asignar', 0),
(2355, 5, 478, 'Sin Asignar', 0),
(2356, 1, 479, 'Sin Asignar', 0),
(2357, 2, 479, 'Sin Asignar', 0),
(2358, 3, 479, 'Sin Asignar', 0),
(2359, 4, 479, 'Sin Asignar', 0),
(2360, 5, 479, 'Sin Asignar', 0),
(2361, 1, 480, 'Sin Asignar', 0),
(2362, 2, 480, 'Sin Asignar', 0),
(2363, 3, 480, 'Sin Asignar', 0),
(2364, 4, 480, 'Sin Asignar', 0),
(2365, 5, 480, 'Sin Asignar', 0),
(2366, 1, 481, 'Sin Asignar', 0),
(2367, 2, 481, 'Sin Asignar', 0),
(2368, 3, 481, 'Sin Asignar', 0),
(2369, 4, 481, 'Sin Asignar', 0),
(2370, 5, 481, 'Sin Asignar', 0),
(2371, 1, 482, 'Sin Asignar', 0),
(2372, 2, 482, 'Sin Asignar', 0),
(2373, 3, 482, 'Sin Asignar', 0),
(2374, 4, 482, 'Sin Asignar', 0),
(2375, 5, 482, 'Sin Asignar', 0),
(2376, 1, 483, 'Sin Asignar', 0),
(2377, 2, 483, 'Sin Asignar', 0),
(2378, 3, 483, 'Sin Asignar', 0),
(2379, 4, 483, 'Sin Asignar', 0),
(2380, 5, 483, 'Sin Asignar', 0),
(2381, 1, 484, 'Sin Asignar', 0),
(2382, 2, 484, 'Sin Asignar', 0),
(2383, 3, 484, 'Sin Asignar', 0),
(2384, 4, 484, 'Sin Asignar', 0),
(2385, 5, 484, 'Sin Asignar', 0),
(2386, 1, 485, 'Sin Asignar', 0),
(2387, 2, 485, 'Sin Asignar', 0),
(2388, 3, 485, 'Sin Asignar', 0),
(2389, 4, 485, 'Sin Asignar', 0),
(2390, 5, 485, 'Sin Asignar', 0),
(2391, 1, 486, 'Sin Asignar', 0),
(2392, 2, 486, 'Sin Asignar', 0),
(2393, 3, 486, 'Sin Asignar', 0),
(2394, 4, 486, 'Sin Asignar', 0),
(2395, 5, 486, 'Sin Asignar', 0),
(2396, 1, 487, 'Sin Asignar', 0),
(2397, 2, 487, 'Sin Asignar', 0),
(2398, 3, 487, 'Sin Asignar', 0),
(2399, 4, 487, 'Sin Asignar', 0),
(2400, 5, 487, 'Sin Asignar', 0),
(2401, 1, 488, 'Sin Asignar', 0),
(2402, 2, 488, 'Sin Asignar', 0),
(2403, 3, 488, 'Sin Asignar', 0),
(2404, 4, 488, 'Sin Asignar', 0),
(2405, 5, 488, 'Sin Asignar', 0),
(2406, 1, 489, 'Sin Asignar', 0),
(2407, 2, 489, 'Sin Asignar', 0),
(2408, 3, 489, 'Sin Asignar', 0),
(2409, 4, 489, 'Sin Asignar', 0),
(2410, 5, 489, 'Sin Asignar', 0),
(2411, 1, 490, 'Sin Asignar', 0),
(2412, 2, 490, 'Sin Asignar', 0),
(2413, 3, 490, 'Sin Asignar', 0),
(2414, 4, 490, 'Sin Asignar', 0),
(2415, 5, 490, 'Sin Asignar', 0),
(2416, 1, 491, 'Sin Asignar', 0),
(2417, 2, 491, 'Sin Asignar', 0),
(2418, 3, 491, 'Sin Asignar', 0),
(2419, 4, 491, 'Sin Asignar', 0),
(2420, 5, 491, 'Sin Asignar', 0),
(2421, 1, 492, 'Sin Asignar', 0),
(2422, 2, 492, 'Sin Asignar', 0),
(2423, 3, 492, 'Sin Asignar', 0),
(2424, 4, 492, 'Sin Asignar', 0),
(2425, 5, 492, 'Sin Asignar', 0),
(2426, 1, 493, 'Sin Asignar', 0),
(2427, 2, 493, 'Sin Asignar', 0),
(2428, 3, 493, 'Sin Asignar', 0),
(2429, 4, 493, 'Sin Asignar', 0),
(2430, 5, 493, 'Sin Asignar', 0),
(2431, 1, 494, 'Sin Asignar', 0),
(2432, 2, 494, 'Sin Asignar', 0),
(2433, 3, 494, 'Sin Asignar', 0),
(2434, 4, 494, 'Sin Asignar', 0),
(2435, 5, 494, 'Sin Asignar', 0),
(2436, 1, 495, 'Sin Asignar', 0),
(2437, 2, 495, 'Sin Asignar', 0),
(2438, 3, 495, 'Sin Asignar', 0),
(2439, 4, 495, 'Sin Asignar', 0),
(2440, 5, 495, 'Sin Asignar', 0),
(2441, 1, 496, 'Sin Asignar', 0),
(2442, 2, 496, 'Sin Asignar', 0),
(2443, 3, 496, 'Sin Asignar', 0),
(2444, 4, 496, 'Sin Asignar', 0),
(2445, 5, 496, 'Sin Asignar', 0),
(2446, 1, 497, 'Sin Asignar', 0),
(2447, 2, 497, 'Sin Asignar', 0),
(2448, 3, 497, 'Sin Asignar', 0),
(2449, 4, 497, 'Sin Asignar', 0),
(2450, 5, 497, 'Sin Asignar', 0),
(2451, 1, 498, 'Sin Asignar', 0),
(2452, 2, 498, 'Sin Asignar', 0),
(2453, 3, 498, 'Sin Asignar', 0),
(2454, 4, 498, 'Sin Asignar', 0),
(2455, 5, 498, 'Sin Asignar', 0),
(2456, 1, 499, 'Sin Asignar', 0),
(2457, 2, 499, 'Sin Asignar', 0),
(2458, 3, 499, 'Sin Asignar', 0),
(2459, 4, 499, 'Sin Asignar', 0),
(2460, 5, 499, 'Sin Asignar', 0),
(2461, 1, 500, 'Sin Asignar', 0),
(2462, 2, 500, 'Sin Asignar', 0),
(2463, 3, 500, 'Sin Asignar', 0),
(2464, 4, 500, 'Sin Asignar', 0),
(2465, 5, 500, 'Sin Asignar', 0),
(2466, 1, 501, 'Sin Asignar', 0),
(2467, 2, 501, 'Sin Asignar', 0),
(2468, 3, 501, 'Sin Asignar', 0),
(2469, 4, 501, 'Sin Asignar', 0),
(2470, 5, 501, 'Sin Asignar', 0),
(2471, 1, 502, 'Sin Asignar', 0),
(2472, 2, 502, 'Sin Asignar', 0),
(2473, 3, 502, 'Sin Asignar', 0),
(2474, 4, 502, 'Sin Asignar', 0),
(2475, 5, 502, 'Sin Asignar', 0),
(2476, 1, 503, 'Sin Asignar', 0),
(2477, 2, 503, 'Sin Asignar', 0),
(2478, 3, 503, 'Sin Asignar', 0),
(2479, 4, 503, 'Sin Asignar', 0),
(2480, 5, 503, 'Sin Asignar', 0),
(2481, 1, 504, 'Sin Asignar', 0),
(2482, 2, 504, 'Sin Asignar', 0),
(2483, 3, 504, 'Sin Asignar', 0),
(2484, 4, 504, 'Sin Asignar', 0),
(2485, 5, 504, 'Sin Asignar', 0),
(2486, 1, 505, 'Sin Asignar', 0),
(2487, 2, 505, 'Sin Asignar', 0),
(2488, 3, 505, 'Sin Asignar', 0),
(2489, 4, 505, 'Sin Asignar', 0),
(2490, 5, 505, 'Sin Asignar', 0),
(2491, 1, 506, 'Sin Asignar', 0),
(2492, 2, 506, 'Sin Asignar', 0),
(2493, 3, 506, 'Sin Asignar', 0),
(2494, 4, 506, 'Sin Asignar', 0),
(2495, 5, 506, 'Sin Asignar', 0),
(2496, 1, 507, 'Sin Asignar', 0),
(2497, 2, 507, 'Sin Asignar', 0),
(2498, 3, 507, 'Sin Asignar', 0),
(2499, 4, 507, 'Sin Asignar', 0),
(2500, 5, 507, 'Sin Asignar', 0),
(2501, 1, 508, 'Sin Asignar', 0),
(2502, 2, 508, 'Sin Asignar', 0),
(2503, 3, 508, 'Sin Asignar', 0),
(2504, 4, 508, 'Sin Asignar', 0),
(2505, 5, 508, 'Sin Asignar', 0),
(2506, 1, 509, 'Sin Asignar', 0),
(2507, 2, 509, 'Sin Asignar', 0),
(2508, 3, 509, 'Sin Asignar', 0),
(2509, 4, 509, 'Sin Asignar', 0),
(2510, 5, 509, 'Sin Asignar', 0),
(2511, 1, 510, 'Sin Asignar', 0),
(2512, 2, 510, 'Sin Asignar', 0),
(2513, 3, 510, 'Sin Asignar', 0),
(2514, 4, 510, 'Sin Asignar', 0),
(2515, 5, 510, 'Sin Asignar', 0),
(2516, 1, 511, 'Sin Asignar', 0),
(2517, 2, 511, 'Sin Asignar', 0),
(2518, 3, 511, 'Sin Asignar', 0),
(2519, 4, 511, 'Sin Asignar', 0),
(2520, 5, 511, 'Sin Asignar', 0),
(2521, 1, 512, 'Sin Asignar', 0),
(2522, 2, 512, 'Sin Asignar', 0),
(2523, 3, 512, 'Sin Asignar', 0),
(2524, 4, 512, 'Sin Asignar', 0),
(2525, 5, 512, 'Sin Asignar', 0),
(2526, 1, 513, 'Sin Asignar', 0),
(2527, 2, 513, 'Sin Asignar', 0),
(2528, 3, 513, 'Sin Asignar', 0),
(2529, 4, 513, 'Sin Asignar', 0),
(2530, 5, 513, 'Sin Asignar', 0),
(2531, 1, 514, 'Sin Asignar', 0),
(2532, 2, 514, 'Sin Asignar', 0),
(2533, 3, 514, 'Sin Asignar', 0),
(2534, 4, 514, 'Sin Asignar', 0),
(2535, 5, 514, 'Sin Asignar', 0),
(2536, 1, 515, 'Sin Asignar', 0),
(2537, 2, 515, 'Sin Asignar', 0),
(2538, 3, 515, 'Sin Asignar', 0),
(2539, 4, 515, 'Sin Asignar', 0),
(2540, 5, 515, 'Sin Asignar', 0),
(2541, 1, 516, 'Sin Asignar', 0),
(2542, 2, 516, 'Sin Asignar', 0),
(2543, 3, 516, 'Sin Asignar', 0),
(2544, 4, 516, 'Sin Asignar', 0),
(2545, 5, 516, 'Sin Asignar', 0),
(2546, 1, 517, 'Sin Asignar', 0),
(2547, 2, 517, 'Sin Asignar', 0),
(2548, 3, 517, 'Sin Asignar', 0),
(2549, 4, 517, 'Sin Asignar', 0),
(2550, 5, 517, 'Sin Asignar', 0),
(2551, 1, 518, 'Sin Asignar', 0),
(2552, 2, 518, 'Sin Asignar', 0),
(2553, 3, 518, 'Sin Asignar', 0),
(2554, 4, 518, 'Sin Asignar', 0),
(2555, 5, 518, 'Sin Asignar', 0),
(2556, 1, 519, 'Sin Asignar', 0),
(2557, 2, 519, 'Sin Asignar', 0),
(2558, 3, 519, 'Sin Asignar', 0),
(2559, 4, 519, 'Sin Asignar', 0),
(2560, 5, 519, 'Sin Asignar', 0),
(2561, 1, 520, 'Sin Asignar', 0),
(2562, 2, 520, 'Sin Asignar', 0),
(2563, 3, 520, 'Sin Asignar', 0),
(2564, 4, 520, 'Sin Asignar', 0),
(2565, 5, 520, 'Sin Asignar', 0),
(2566, 1, 521, 'Sin Asignar', 0),
(2567, 2, 521, 'Sin Asignar', 0),
(2568, 3, 521, 'Sin Asignar', 0),
(2569, 4, 521, 'Sin Asignar', 0),
(2570, 5, 521, 'Sin Asignar', 0),
(2571, 1, 522, 'Sin Asignar', 0),
(2572, 2, 522, 'Sin Asignar', 0),
(2573, 3, 522, 'Sin Asignar', 0),
(2574, 4, 522, 'Sin Asignar', 0),
(2575, 5, 522, 'Sin Asignar', 0),
(2576, 1, 523, 'Sin Asignar', 0),
(2577, 2, 523, 'Sin Asignar', 0),
(2578, 3, 523, 'Sin Asignar', 0),
(2579, 4, 523, 'Sin Asignar', 0),
(2580, 5, 523, 'Sin Asignar', 0),
(2581, 1, 524, 'Sin Asignar', 0),
(2582, 2, 524, 'Sin Asignar', 0),
(2583, 3, 524, 'Sin Asignar', 0),
(2584, 4, 524, 'Sin Asignar', 0),
(2585, 5, 524, 'Sin Asignar', 0),
(2586, 1, 525, 'Sin Asignar', 0),
(2587, 2, 525, 'Sin Asignar', 0),
(2588, 3, 525, 'Sin Asignar', 0),
(2589, 4, 525, 'Sin Asignar', 0),
(2590, 5, 525, 'Sin Asignar', 0),
(2591, 1, 526, 'Sin Asignar', 0),
(2592, 2, 526, 'Sin Asignar', 0),
(2593, 3, 526, 'Sin Asignar', 0),
(2594, 4, 526, 'Sin Asignar', 0),
(2595, 5, 526, 'Sin Asignar', 0),
(2596, 1, 527, 'Sin Asignar', 0),
(2597, 2, 527, 'Sin Asignar', 0),
(2598, 3, 527, 'Sin Asignar', 0),
(2599, 4, 527, 'Sin Asignar', 0),
(2600, 5, 527, 'Sin Asignar', 0),
(2601, 1, 528, 'Sin Asignar', 0),
(2602, 2, 528, 'Sin Asignar', 0),
(2603, 3, 528, 'Sin Asignar', 0),
(2604, 4, 528, 'Sin Asignar', 0),
(2605, 5, 528, 'Sin Asignar', 0),
(2606, 1, 529, 'Sin Asignar', 0),
(2607, 2, 529, 'Sin Asignar', 0),
(2608, 3, 529, 'Sin Asignar', 0),
(2609, 4, 529, 'Sin Asignar', 0),
(2610, 5, 529, 'Sin Asignar', 0),
(2611, 1, 530, 'Sin Asignar', 0),
(2612, 2, 530, 'Sin Asignar', 0),
(2613, 3, 530, 'Sin Asignar', 0),
(2614, 4, 530, 'Sin Asignar', 0),
(2615, 5, 530, 'Sin Asignar', 0),
(2616, 1, 531, 'Sin Asignar', 0),
(2617, 2, 531, 'Sin Asignar', 0),
(2618, 3, 531, 'Sin Asignar', 0),
(2619, 4, 531, 'Sin Asignar', 0),
(2620, 5, 531, 'Sin Asignar', 0),
(2621, 1, 532, 'Sin Asignar', 0),
(2622, 2, 532, 'Sin Asignar', 0),
(2623, 3, 532, 'Sin Asignar', 0),
(2624, 4, 532, 'Sin Asignar', 0),
(2625, 5, 532, 'Sin Asignar', 0),
(2626, 1, 533, 'Sin Asignar', 0),
(2627, 2, 533, 'Sin Asignar', 0),
(2628, 3, 533, 'Sin Asignar', 0),
(2629, 4, 533, 'Sin Asignar', 0),
(2630, 5, 533, 'Sin Asignar', 0),
(2631, 1, 534, 'Sin Asignar', 0),
(2632, 2, 534, 'Sin Asignar', 0),
(2633, 3, 534, 'Sin Asignar', 0),
(2634, 4, 534, 'Sin Asignar', 0),
(2635, 5, 534, 'Sin Asignar', 0),
(2636, 1, 535, 'Sin Asignar', 0),
(2637, 2, 535, 'Sin Asignar', 0),
(2638, 3, 535, 'Sin Asignar', 0),
(2639, 4, 535, 'Sin Asignar', 0),
(2640, 5, 535, 'Sin Asignar', 0),
(2641, 1, 536, 'Sin Asignar', 0),
(2642, 2, 536, 'Sin Asignar', 0),
(2643, 3, 536, 'Sin Asignar', 0),
(2644, 4, 536, 'Sin Asignar', 0),
(2645, 5, 536, 'Sin Asignar', 0),
(2646, 1, 537, 'Sin Asignar', 0),
(2647, 2, 537, 'Sin Asignar', 0),
(2648, 3, 537, 'Sin Asignar', 0),
(2649, 4, 537, 'Sin Asignar', 0),
(2650, 5, 537, 'Sin Asignar', 0),
(2651, 1, 538, 'Sin Asignar', 0),
(2652, 2, 538, 'Sin Asignar', 0),
(2653, 3, 538, 'Sin Asignar', 0),
(2654, 4, 538, 'Sin Asignar', 0),
(2655, 5, 538, 'Sin Asignar', 0),
(2656, 1, 539, 'Sin Asignar', 0),
(2657, 2, 539, 'Sin Asignar', 0),
(2658, 3, 539, 'Sin Asignar', 0),
(2659, 4, 539, 'Sin Asignar', 0),
(2660, 5, 539, 'Sin Asignar', 0),
(2661, 1, 540, 'Sin Asignar', 0),
(2662, 2, 540, 'Sin Asignar', 0),
(2663, 3, 540, 'Sin Asignar', 0),
(2664, 4, 540, 'Sin Asignar', 0),
(2665, 5, 540, 'Sin Asignar', 0),
(2666, 1, 541, 'Sin Asignar', 0),
(2667, 2, 541, 'Sin Asignar', 0),
(2668, 3, 541, 'Sin Asignar', 0),
(2669, 4, 541, 'Sin Asignar', 0),
(2670, 5, 541, 'Sin Asignar', 0),
(2671, 1, 542, 'Sin Asignar', 0),
(2672, 2, 542, 'Sin Asignar', 0),
(2673, 3, 542, 'Sin Asignar', 0),
(2674, 4, 542, 'Sin Asignar', 0),
(2675, 5, 542, 'Sin Asignar', 0),
(2676, 1, 543, 'Sin Asignar', 0),
(2677, 2, 543, 'Sin Asignar', 0),
(2678, 3, 543, 'Sin Asignar', 0),
(2679, 4, 543, 'Sin Asignar', 0),
(2680, 5, 543, 'Sin Asignar', 0),
(2681, 1, 544, 'Sin Asignar', 0),
(2682, 2, 544, 'Sin Asignar', 0),
(2683, 3, 544, 'Sin Asignar', 0),
(2684, 4, 544, 'Sin Asignar', 0),
(2685, 5, 544, 'Sin Asignar', 0),
(2686, 1, 545, 'Sin Asignar', 0),
(2687, 2, 545, 'Sin Asignar', 0),
(2688, 3, 545, 'Sin Asignar', 0),
(2689, 4, 545, 'Sin Asignar', 0),
(2690, 5, 545, 'Sin Asignar', 0),
(2691, 1, 546, 'Sin Asignar', 0),
(2692, 2, 546, 'Sin Asignar', 0),
(2693, 3, 546, 'Sin Asignar', 0),
(2694, 4, 546, 'Sin Asignar', 0),
(2695, 5, 546, 'Sin Asignar', 0),
(2696, 1, 547, 'Sin Asignar', 0),
(2697, 2, 547, 'Sin Asignar', 0),
(2698, 3, 547, 'Sin Asignar', 0),
(2699, 4, 547, 'Sin Asignar', 0),
(2700, 5, 547, 'Sin Asignar', 0),
(2701, 1, 548, 'Sin Asignar', 0),
(2702, 2, 548, 'Sin Asignar', 0),
(2703, 3, 548, 'Sin Asignar', 0),
(2704, 4, 548, 'Sin Asignar', 0),
(2705, 5, 548, 'Sin Asignar', 0),
(2706, 1, 549, 'Sin Asignar', 0),
(2707, 2, 549, 'Sin Asignar', 0),
(2708, 3, 549, 'Sin Asignar', 0),
(2709, 4, 549, 'Sin Asignar', 0),
(2710, 5, 549, 'Sin Asignar', 0),
(2711, 1, 550, 'Sin Asignar', 0),
(2712, 2, 550, 'Sin Asignar', 0),
(2713, 3, 550, 'Sin Asignar', 0),
(2714, 4, 550, 'Sin Asignar', 0),
(2715, 5, 550, 'Sin Asignar', 0),
(2716, 1, 551, 'Sin Asignar', 0),
(2717, 2, 551, 'Sin Asignar', 0),
(2718, 3, 551, 'Sin Asignar', 0),
(2719, 4, 551, 'Sin Asignar', 0),
(2720, 5, 551, 'Sin Asignar', 0),
(2721, 1, 552, 'Sin Asignar', 0),
(2722, 2, 552, 'Sin Asignar', 0),
(2723, 3, 552, 'Sin Asignar', 0),
(2724, 4, 552, 'Sin Asignar', 0),
(2725, 5, 552, 'Sin Asignar', 0),
(2726, 1, 553, 'Sin Asignar', 0),
(2727, 2, 553, 'Sin Asignar', 0),
(2728, 3, 553, 'Sin Asignar', 0),
(2729, 4, 553, 'Sin Asignar', 0),
(2730, 5, 553, 'Sin Asignar', 0),
(2731, 1, 554, 'Sin Asignar', 0),
(2732, 2, 554, 'Sin Asignar', 0),
(2733, 3, 554, 'Sin Asignar', 0),
(2734, 4, 554, 'Sin Asignar', 0),
(2735, 5, 554, 'Sin Asignar', 0),
(2736, 1, 555, 'Sin Asignar', 0),
(2737, 2, 555, 'Sin Asignar', 0),
(2738, 3, 555, 'Sin Asignar', 0),
(2739, 4, 555, 'Sin Asignar', 0),
(2740, 5, 555, 'Sin Asignar', 0),
(2741, 1, 556, 'Sin Asignar', 0),
(2742, 2, 556, 'Sin Asignar', 0),
(2743, 3, 556, 'Sin Asignar', 0),
(2744, 4, 556, 'Sin Asignar', 0),
(2745, 5, 556, 'Sin Asignar', 0),
(2746, 1, 557, 'Sin Asignar', 0),
(2747, 2, 557, 'Sin Asignar', 0),
(2748, 3, 557, 'Sin Asignar', 0),
(2749, 4, 557, 'Sin Asignar', 0),
(2750, 5, 557, 'Sin Asignar', 0),
(2751, 1, 558, 'Sin Asignar', 0),
(2752, 2, 558, 'Sin Asignar', 0),
(2753, 3, 558, 'Sin Asignar', 0),
(2754, 4, 558, 'Sin Asignar', 0),
(2755, 5, 558, 'Sin Asignar', 0),
(2756, 1, 559, 'Sin Asignar', 0),
(2757, 2, 559, 'Sin Asignar', 0),
(2758, 3, 559, 'Sin Asignar', 0),
(2759, 4, 559, 'Sin Asignar', 0),
(2760, 5, 559, 'Sin Asignar', 0),
(2761, 1, 560, 'Sin Asignar', 0),
(2762, 2, 560, 'Sin Asignar', 0),
(2763, 3, 560, 'Sin Asignar', 0),
(2764, 4, 560, 'Sin Asignar', 0),
(2765, 5, 560, 'Sin Asignar', 0),
(2766, 1, 561, 'Sin Asignar', 0),
(2767, 2, 561, 'Sin Asignar', 0),
(2768, 3, 561, 'Sin Asignar', 0),
(2769, 4, 561, 'Sin Asignar', 0),
(2770, 5, 561, 'Sin Asignar', 0),
(2771, 1, 562, 'Sin Asignar', 0),
(2772, 2, 562, 'Sin Asignar', 0),
(2773, 3, 562, 'Sin Asignar', 0),
(2774, 4, 562, 'Sin Asignar', 0),
(2775, 5, 562, 'Sin Asignar', 0),
(2776, 1, 563, 'Sin Asignar', 0),
(2777, 2, 563, 'Sin Asignar', 0),
(2778, 3, 563, 'Sin Asignar', 0),
(2779, 4, 563, 'Sin Asignar', 0),
(2780, 5, 563, 'Sin Asignar', 0),
(2781, 1, 564, 'Sin Asignar', 0),
(2782, 2, 564, 'Sin Asignar', 0),
(2783, 3, 564, 'Sin Asignar', 0),
(2784, 4, 564, 'Sin Asignar', 0),
(2785, 5, 564, 'Sin Asignar', 0),
(2786, 1, 565, 'Sin Asignar', 0),
(2787, 2, 565, 'Sin Asignar', 0),
(2788, 3, 565, 'Sin Asignar', 0),
(2789, 4, 565, 'Sin Asignar', 0),
(2790, 5, 565, 'Sin Asignar', 0),
(2791, 1, 566, 'Sin Asignar', 0),
(2792, 2, 566, 'Sin Asignar', 0),
(2793, 3, 566, 'Sin Asignar', 0),
(2794, 4, 566, 'Sin Asignar', 0),
(2795, 5, 566, 'Sin Asignar', 0),
(2796, 1, 567, 'Sin Asignar', 0),
(2797, 2, 567, 'Sin Asignar', 0),
(2798, 3, 567, 'Sin Asignar', 0),
(2799, 4, 567, 'Sin Asignar', 0),
(2800, 5, 567, 'Sin Asignar', 0),
(2801, 1, 568, 'Sin Asignar', 0),
(2802, 2, 568, 'Sin Asignar', 0),
(2803, 3, 568, 'Sin Asignar', 0),
(2804, 4, 568, 'Sin Asignar', 0),
(2805, 5, 568, 'Sin Asignar', 0),
(2806, 1, 569, 'Sin Asignar', 0),
(2807, 2, 569, 'Sin Asignar', 0),
(2808, 3, 569, 'Sin Asignar', 0),
(2809, 4, 569, 'Sin Asignar', 0),
(2810, 5, 569, 'Sin Asignar', 0),
(2811, 1, 570, 'Sin Asignar', 0),
(2812, 2, 570, 'Sin Asignar', 0),
(2813, 3, 570, 'Sin Asignar', 0),
(2814, 4, 570, 'Sin Asignar', 0),
(2815, 5, 570, 'Sin Asignar', 0),
(2816, 1, 571, 'Sin Asignar', 0),
(2817, 2, 571, 'Sin Asignar', 0),
(2818, 3, 571, 'Sin Asignar', 0),
(2819, 4, 571, 'Sin Asignar', 0),
(2820, 5, 571, 'Sin Asignar', 0),
(2821, 1, 572, 'Sin Asignar', 0),
(2822, 2, 572, 'Sin Asignar', 0),
(2823, 3, 572, 'Sin Asignar', 0),
(2824, 4, 572, 'Sin Asignar', 0),
(2825, 5, 572, 'Sin Asignar', 0),
(2826, 1, 573, 'Sin Asignar', 0),
(2827, 2, 573, 'Sin Asignar', 0),
(2828, 3, 573, 'Sin Asignar', 0),
(2829, 4, 573, 'Sin Asignar', 0),
(2830, 5, 573, 'Sin Asignar', 0),
(2831, 1, 574, 'Sin Asignar', 0),
(2832, 2, 574, 'Sin Asignar', 0),
(2833, 3, 574, 'Sin Asignar', 0),
(2834, 4, 574, 'Sin Asignar', 0),
(2835, 5, 574, 'Sin Asignar', 0),
(2836, 1, 575, 'Sin Asignar', 0),
(2837, 2, 575, 'Sin Asignar', 0),
(2838, 3, 575, 'Sin Asignar', 0),
(2839, 4, 575, 'Sin Asignar', 0),
(2840, 5, 575, 'Sin Asignar', 0),
(2841, 1, 576, 'Sin Asignar', 0),
(2842, 2, 576, 'Sin Asignar', 0),
(2843, 3, 576, 'Sin Asignar', 0),
(2844, 4, 576, 'Sin Asignar', 0),
(2845, 5, 576, 'Sin Asignar', 0),
(2846, 1, 577, 'Sin Asignar', 0),
(2847, 2, 577, 'Sin Asignar', 0),
(2848, 3, 577, 'Sin Asignar', 0),
(2849, 4, 577, 'Sin Asignar', 0),
(2850, 5, 577, 'Sin Asignar', 0),
(2851, 1, 578, 'Sin Asignar', 0),
(2852, 2, 578, 'Sin Asignar', 0),
(2853, 3, 578, 'Sin Asignar', 0),
(2854, 4, 578, 'Sin Asignar', 0),
(2855, 5, 578, 'Sin Asignar', 0),
(2856, 1, 579, 'Sin Asignar', 0),
(2857, 2, 579, 'Sin Asignar', 0),
(2858, 3, 579, 'Sin Asignar', 0),
(2859, 4, 579, 'Sin Asignar', 0),
(2860, 5, 579, 'Sin Asignar', 0),
(2861, 1, 580, 'Sin Asignar', 0),
(2862, 2, 580, 'Sin Asignar', 0),
(2863, 3, 580, 'Sin Asignar', 0),
(2864, 4, 580, 'Sin Asignar', 0),
(2865, 5, 580, 'Sin Asignar', 0),
(2866, 1, 581, 'Sin Asignar', 0),
(2867, 2, 581, 'Sin Asignar', 0),
(2868, 3, 581, 'Sin Asignar', 0),
(2869, 4, 581, 'Sin Asignar', 0),
(2870, 5, 581, 'Sin Asignar', 0),
(2871, 1, 582, 'Sin Asignar', 0),
(2872, 2, 582, 'Sin Asignar', 0),
(2873, 3, 582, 'Sin Asignar', 0),
(2874, 4, 582, 'Sin Asignar', 0),
(2875, 5, 582, 'Sin Asignar', 0),
(2876, 1, 583, 'Sin Asignar', 0),
(2877, 2, 583, 'Sin Asignar', 0),
(2878, 3, 583, 'Sin Asignar', 0),
(2879, 4, 583, 'Sin Asignar', 0),
(2880, 5, 583, 'Sin Asignar', 0),
(2881, 1, 584, 'Sin Asignar', 0),
(2882, 2, 584, 'Sin Asignar', 0),
(2883, 3, 584, 'Sin Asignar', 0),
(2884, 4, 584, 'Sin Asignar', 0),
(2885, 5, 584, 'Sin Asignar', 0),
(2886, 1, 585, 'Sin Asignar', 0),
(2887, 2, 585, 'Sin Asignar', 0),
(2888, 3, 585, 'Sin Asignar', 0),
(2889, 4, 585, 'Sin Asignar', 0),
(2890, 5, 585, 'Sin Asignar', 0),
(2891, 1, 586, 'Sin Asignar', 0),
(2892, 2, 586, 'Sin Asignar', 0),
(2893, 3, 586, 'Sin Asignar', 0),
(2894, 4, 586, 'Sin Asignar', 0),
(2895, 5, 586, 'Sin Asignar', 0),
(2896, 1, 587, 'Sin Asignar', 0),
(2897, 2, 587, 'Sin Asignar', 0),
(2898, 3, 587, 'Sin Asignar', 0),
(2899, 4, 587, 'Sin Asignar', 0),
(2900, 5, 587, 'Sin Asignar', 0),
(2901, 1, 588, 'Sin Asignar', 0),
(2902, 2, 588, 'Sin Asignar', 0),
(2903, 3, 588, 'Sin Asignar', 0),
(2904, 4, 588, 'Sin Asignar', 0),
(2905, 5, 588, 'Sin Asignar', 0),
(2906, 1, 589, 'Sin Asignar', 0),
(2907, 2, 589, 'Sin Asignar', 0),
(2908, 3, 589, 'Sin Asignar', 0),
(2909, 4, 589, 'Sin Asignar', 0),
(2910, 5, 589, 'Sin Asignar', 0),
(2911, 1, 590, 'Sin Asignar', 0),
(2912, 2, 590, 'Sin Asignar', 0),
(2913, 3, 590, 'Sin Asignar', 0),
(2914, 4, 590, 'Sin Asignar', 0),
(2915, 5, 590, 'Sin Asignar', 0),
(2916, 1, 591, 'Sin Asignar', 0),
(2917, 2, 591, 'Sin Asignar', 0),
(2918, 3, 591, 'Sin Asignar', 0),
(2919, 4, 591, 'Sin Asignar', 0),
(2920, 5, 591, 'Sin Asignar', 0),
(2921, 1, 592, 'Sin Asignar', 0),
(2922, 2, 592, 'Sin Asignar', 0),
(2923, 3, 592, 'Sin Asignar', 0),
(2924, 4, 592, 'Sin Asignar', 0),
(2925, 5, 592, 'Sin Asignar', 0),
(2926, 1, 593, 'Sin Asignar', 0),
(2927, 2, 593, 'Sin Asignar', 0),
(2928, 3, 593, 'Sin Asignar', 0),
(2929, 4, 593, 'Sin Asignar', 0),
(2930, 5, 593, 'Sin Asignar', 0),
(2931, 1, 594, 'Sin Asignar', 0),
(2932, 2, 594, 'Sin Asignar', 0),
(2933, 3, 594, 'Sin Asignar', 0),
(2934, 4, 594, 'Sin Asignar', 0),
(2935, 5, 594, 'Sin Asignar', 0),
(2936, 1, 595, 'Sin Asignar', 0),
(2937, 2, 595, 'Sin Asignar', 0),
(2938, 3, 595, 'Sin Asignar', 0),
(2939, 4, 595, 'Sin Asignar', 0),
(2940, 5, 595, 'Sin Asignar', 0),
(2941, 1, 596, 'Sin Asignar', 0),
(2942, 2, 596, 'Sin Asignar', 0),
(2943, 3, 596, 'Sin Asignar', 0),
(2944, 4, 596, 'Sin Asignar', 0),
(2945, 5, 596, 'Sin Asignar', 0),
(2946, 1, 597, 'Sin Asignar', 0),
(2947, 2, 597, 'Sin Asignar', 0),
(2948, 3, 597, 'Sin Asignar', 0),
(2949, 4, 597, 'Sin Asignar', 0),
(2950, 5, 597, 'Sin Asignar', 0),
(2951, 1, 598, 'Sin Asignar', 0),
(2952, 2, 598, 'Sin Asignar', 0),
(2953, 3, 598, 'Sin Asignar', 0),
(2954, 4, 598, 'Sin Asignar', 0),
(2955, 5, 598, 'Sin Asignar', 0),
(2956, 1, 599, 'Sin Asignar', 0),
(2957, 2, 599, 'Sin Asignar', 0),
(2958, 3, 599, 'Sin Asignar', 0),
(2959, 4, 599, 'Sin Asignar', 0),
(2960, 5, 599, 'Sin Asignar', 0),
(2961, 1, 600, 'Sin Asignar', 0),
(2962, 2, 600, 'Sin Asignar', 0),
(2963, 3, 600, 'Sin Asignar', 0),
(2964, 4, 600, 'Sin Asignar', 0),
(2965, 5, 600, 'Sin Asignar', 0),
(2966, 1, 601, 'Sin Asignar', 0),
(2967, 2, 601, 'Sin Asignar', 0),
(2968, 3, 601, 'Sin Asignar', 0),
(2969, 4, 601, 'Sin Asignar', 0),
(2970, 5, 601, 'Sin Asignar', 0),
(2971, 1, 602, 'Sin Asignar', 0),
(2972, 2, 602, 'Sin Asignar', 0),
(2973, 3, 602, 'Sin Asignar', 0),
(2974, 4, 602, 'Sin Asignar', 0),
(2975, 5, 602, 'Sin Asignar', 0),
(2976, 1, 603, 'Sin Asignar', 0),
(2977, 2, 603, 'Sin Asignar', 0),
(2978, 3, 603, 'Sin Asignar', 0),
(2979, 4, 603, 'Sin Asignar', 0),
(2980, 5, 603, 'Sin Asignar', 0),
(2981, 1, 604, 'Sin Asignar', 0),
(2982, 2, 604, 'Sin Asignar', 0),
(2983, 3, 604, 'Sin Asignar', 0),
(2984, 4, 604, 'Sin Asignar', 0),
(2985, 5, 604, 'Sin Asignar', 0),
(2986, 1, 605, 'Sin Asignar', 0),
(2987, 2, 605, 'Sin Asignar', 0),
(2988, 3, 605, 'Sin Asignar', 0),
(2989, 4, 605, 'Sin Asignar', 0),
(2990, 5, 605, 'Sin Asignar', 0),
(2991, 1, 606, 'Sin Asignar', 0),
(2992, 2, 606, 'Sin Asignar', 0),
(2993, 3, 606, 'Sin Asignar', 0),
(2994, 4, 606, 'Sin Asignar', 0),
(2995, 5, 606, 'Sin Asignar', 0),
(2996, 1, 607, 'Sin Asignar', 0),
(2997, 2, 607, 'Sin Asignar', 0),
(2998, 3, 607, 'Sin Asignar', 0),
(2999, 4, 607, 'Sin Asignar', 0),
(3000, 5, 607, 'Sin Asignar', 0),
(3001, 1, 608, 'Sin Asignar', 0),
(3002, 2, 608, 'Sin Asignar', 0),
(3003, 3, 608, 'Sin Asignar', 0),
(3004, 4, 608, 'Sin Asignar', 0),
(3005, 5, 608, 'Sin Asignar', 0),
(3006, 1, 609, 'Sin Asignar', 0),
(3007, 2, 609, 'Sin Asignar', 0),
(3008, 3, 609, 'Sin Asignar', 0),
(3009, 4, 609, 'Sin Asignar', 0),
(3010, 5, 609, 'Sin Asignar', 0),
(3011, 1, 610, 'Sin Asignar', 0),
(3012, 2, 610, 'Sin Asignar', 0),
(3013, 3, 610, 'Sin Asignar', 0),
(3014, 4, 610, 'Sin Asignar', 0),
(3015, 5, 610, 'Sin Asignar', 0),
(3016, 1, 611, 'Sin Asignar', 0),
(3017, 2, 611, 'Sin Asignar', 0),
(3018, 3, 611, 'Sin Asignar', 0),
(3019, 4, 611, 'Sin Asignar', 0),
(3020, 5, 611, 'Sin Asignar', 0),
(3021, 1, 612, 'Sin Asignar', 0),
(3022, 2, 612, 'Sin Asignar', 0),
(3023, 3, 612, 'Sin Asignar', 0),
(3024, 4, 612, 'Sin Asignar', 0),
(3025, 5, 612, 'Sin Asignar', 0),
(3026, 1, 613, 'Sin Asignar', 0),
(3027, 2, 613, 'Sin Asignar', 0),
(3028, 3, 613, 'Sin Asignar', 0),
(3029, 4, 613, 'Sin Asignar', 0),
(3030, 5, 613, 'Sin Asignar', 0),
(3031, 1, 614, 'Sin Asignar', 0),
(3032, 2, 614, 'Sin Asignar', 0),
(3033, 3, 614, 'Sin Asignar', 0),
(3034, 4, 614, 'Sin Asignar', 0),
(3035, 5, 614, 'Sin Asignar', 0),
(3036, 1, 615, 'Sin Asignar', 0),
(3037, 2, 615, 'Sin Asignar', 0),
(3038, 3, 615, 'Sin Asignar', 0),
(3039, 4, 615, 'Sin Asignar', 0),
(3040, 5, 615, 'Sin Asignar', 0),
(3041, 1, 616, 'Sin Asignar', 0),
(3042, 2, 616, 'Sin Asignar', 0),
(3043, 3, 616, 'Sin Asignar', 0),
(3044, 4, 616, 'Sin Asignar', 0),
(3045, 5, 616, 'Sin Asignar', 0),
(3046, 1, 617, 'Sin Asignar', 0),
(3047, 2, 617, 'Sin Asignar', 0),
(3048, 3, 617, 'Sin Asignar', 0),
(3049, 4, 617, 'Sin Asignar', 0),
(3050, 5, 617, 'Sin Asignar', 0),
(3051, 1, 618, 'Sin Asignar', 0),
(3052, 2, 618, 'Sin Asignar', 0),
(3053, 3, 618, 'Sin Asignar', 0),
(3054, 4, 618, 'Sin Asignar', 0),
(3055, 5, 618, 'Sin Asignar', 0),
(3056, 1, 619, 'Sin Asignar', 0),
(3057, 2, 619, 'Sin Asignar', 0),
(3058, 3, 619, 'Sin Asignar', 0),
(3059, 4, 619, 'Sin Asignar', 0),
(3060, 5, 619, 'Sin Asignar', 0),
(3061, 1, 620, 'Sin Asignar', 0),
(3062, 2, 620, 'Sin Asignar', 0),
(3063, 3, 620, 'Sin Asignar', 0),
(3064, 4, 620, 'Sin Asignar', 0),
(3065, 5, 620, 'Sin Asignar', 0),
(3066, 1, 621, 'Sin Asignar', 0),
(3067, 2, 621, 'Sin Asignar', 0),
(3068, 3, 621, 'Sin Asignar', 0),
(3069, 4, 621, 'Sin Asignar', 0),
(3070, 5, 621, 'Sin Asignar', 0),
(3071, 1, 622, 'Sin Asignar', 0),
(3072, 2, 622, 'Sin Asignar', 0),
(3073, 3, 622, 'Sin Asignar', 0),
(3074, 4, 622, 'Sin Asignar', 0),
(3075, 5, 622, 'Sin Asignar', 0),
(3076, 1, 623, 'Sin Asignar', 0),
(3077, 2, 623, 'Sin Asignar', 0),
(3078, 3, 623, 'Sin Asignar', 0),
(3079, 4, 623, 'Sin Asignar', 0),
(3080, 5, 623, 'Sin Asignar', 0),
(3081, 1, 624, 'Sin Asignar', 0),
(3082, 2, 624, 'Sin Asignar', 0),
(3083, 3, 624, 'Sin Asignar', 0),
(3084, 4, 624, 'Sin Asignar', 0),
(3085, 5, 624, 'Sin Asignar', 0),
(3086, 1, 625, 'Sin Asignar', 0),
(3087, 2, 625, 'Sin Asignar', 0),
(3088, 3, 625, 'Sin Asignar', 0),
(3089, 4, 625, 'Sin Asignar', 0),
(3090, 5, 625, 'Sin Asignar', 0),
(3091, 1, 626, 'Sin Asignar', 0),
(3092, 2, 626, 'Sin Asignar', 0),
(3093, 3, 626, 'Sin Asignar', 0),
(3094, 4, 626, 'Sin Asignar', 0),
(3095, 5, 626, 'Sin Asignar', 0),
(3096, 1, 627, 'Sin Asignar', 0),
(3097, 2, 627, 'Sin Asignar', 0),
(3098, 3, 627, 'Sin Asignar', 0),
(3099, 4, 627, 'Sin Asignar', 0),
(3100, 5, 627, 'Sin Asignar', 0),
(3101, 1, 628, 'Sin Asignar', 0),
(3102, 2, 628, 'Sin Asignar', 0),
(3103, 3, 628, 'Sin Asignar', 0),
(3104, 4, 628, 'Sin Asignar', 0),
(3105, 5, 628, 'Sin Asignar', 0),
(3106, 1, 629, 'Sin Asignar', 0),
(3107, 2, 629, 'Sin Asignar', 0),
(3108, 3, 629, 'Sin Asignar', 0),
(3109, 4, 629, 'Sin Asignar', 0),
(3110, 5, 629, 'Sin Asignar', 0),
(3111, 1, 630, 'Sin Asignar', 0),
(3112, 2, 630, 'Sin Asignar', 0),
(3113, 3, 630, 'Sin Asignar', 0),
(3114, 4, 630, 'Sin Asignar', 0),
(3115, 5, 630, 'Sin Asignar', 0),
(3116, 1, 631, 'Sin Asignar', 0),
(3117, 2, 631, 'Sin Asignar', 0),
(3118, 3, 631, 'Sin Asignar', 0),
(3119, 4, 631, 'Sin Asignar', 0),
(3120, 5, 631, 'Sin Asignar', 0),
(3121, 1, 632, 'Sin Asignar', 0),
(3122, 2, 632, 'Sin Asignar', 0),
(3123, 3, 632, 'Sin Asignar', 0),
(3124, 4, 632, 'Sin Asignar', 0),
(3125, 5, 632, 'Sin Asignar', 0),
(3126, 1, 633, 'Sin Asignar', 0),
(3127, 2, 633, 'Sin Asignar', 0),
(3128, 3, 633, 'Sin Asignar', 0),
(3129, 4, 633, 'Sin Asignar', 0),
(3130, 5, 633, 'Sin Asignar', 0),
(3131, 1, 634, 'Sin Asignar', 0),
(3132, 2, 634, 'Sin Asignar', 0),
(3133, 3, 634, 'Sin Asignar', 0),
(3134, 4, 634, 'Sin Asignar', 0),
(3135, 5, 634, 'Sin Asignar', 0),
(3136, 1, 635, 'Sin Asignar', 0),
(3137, 2, 635, 'Sin Asignar', 0),
(3138, 3, 635, 'Sin Asignar', 0),
(3139, 4, 635, 'Sin Asignar', 0),
(3140, 5, 635, 'Sin Asignar', 0),
(3141, 1, 636, 'Sin Asignar', 0),
(3142, 2, 636, 'Sin Asignar', 0),
(3143, 3, 636, 'Sin Asignar', 0),
(3144, 4, 636, 'Sin Asignar', 0),
(3145, 5, 636, 'Sin Asignar', 0),
(3146, 1, 637, 'Sin Asignar', 0),
(3147, 2, 637, 'Sin Asignar', 0),
(3148, 3, 637, 'Sin Asignar', 0),
(3149, 4, 637, 'Sin Asignar', 0),
(3150, 5, 637, 'Sin Asignar', 0),
(3151, 1, 638, 'Sin Asignar', 0),
(3152, 2, 638, 'Sin Asignar', 0),
(3153, 3, 638, 'Sin Asignar', 0),
(3154, 4, 638, 'Sin Asignar', 0),
(3155, 5, 638, 'Sin Asignar', 0),
(3156, 1, 639, 'Sin Asignar', 0),
(3157, 2, 639, 'Sin Asignar', 0),
(3158, 3, 639, 'Sin Asignar', 0),
(3159, 4, 639, 'Sin Asignar', 0),
(3160, 5, 639, 'Sin Asignar', 0),
(3161, 1, 640, 'Sin Asignar', 0),
(3162, 2, 640, 'Sin Asignar', 0),
(3163, 3, 640, 'Sin Asignar', 0),
(3164, 4, 640, 'Sin Asignar', 0),
(3165, 5, 640, 'Sin Asignar', 0),
(3166, 1, 641, 'Sin Asignar', 0),
(3167, 2, 641, 'Sin Asignar', 0),
(3168, 3, 641, 'Sin Asignar', 0),
(3169, 4, 641, 'Sin Asignar', 0),
(3170, 5, 641, 'Sin Asignar', 0),
(3171, 1, 642, 'Sin Asignar', 0),
(3172, 2, 642, 'Sin Asignar', 0),
(3173, 3, 642, 'Sin Asignar', 0),
(3174, 4, 642, 'Sin Asignar', 0),
(3175, 5, 642, 'Sin Asignar', 0),
(3176, 1, 643, 'Sin Asignar', 0),
(3177, 2, 643, 'Sin Asignar', 0),
(3178, 3, 643, 'Sin Asignar', 0),
(3179, 4, 643, 'Sin Asignar', 0),
(3180, 5, 643, 'Sin Asignar', 0),
(3181, 1, 644, 'Sin Asignar', 0),
(3182, 2, 644, 'Sin Asignar', 0),
(3183, 3, 644, 'Sin Asignar', 0),
(3184, 4, 644, 'Sin Asignar', 0),
(3185, 5, 644, 'Sin Asignar', 0),
(3186, 1, 645, 'Sin Asignar', 0),
(3187, 2, 645, 'Sin Asignar', 0),
(3188, 3, 645, 'Sin Asignar', 0),
(3189, 4, 645, 'Sin Asignar', 0),
(3190, 5, 645, 'Sin Asignar', 0),
(3191, 1, 646, 'Sin Asignar', 0),
(3192, 2, 646, 'Sin Asignar', 0),
(3193, 3, 646, 'Sin Asignar', 0),
(3194, 4, 646, 'Sin Asignar', 0),
(3195, 5, 646, 'Sin Asignar', 0),
(3196, 1, 647, 'Sin Asignar', 0),
(3197, 2, 647, 'Sin Asignar', 0),
(3198, 3, 647, 'Sin Asignar', 0),
(3199, 4, 647, 'Sin Asignar', 0),
(3200, 5, 647, 'Sin Asignar', 0),
(3201, 1, 648, 'Sin Asignar', 0),
(3202, 2, 648, 'Sin Asignar', 0),
(3203, 3, 648, 'Sin Asignar', 0),
(3204, 4, 648, 'Sin Asignar', 0),
(3205, 5, 648, 'Sin Asignar', 0),
(3206, 1, 649, 'Sin Asignar', 0),
(3207, 2, 649, 'Sin Asignar', 0),
(3208, 3, 649, 'Sin Asignar', 0),
(3209, 4, 649, 'Sin Asignar', 0),
(3210, 5, 649, 'Sin Asignar', 0),
(3211, 1, 650, 'Sin Asignar', 0),
(3212, 2, 650, 'Sin Asignar', 0),
(3213, 3, 650, 'Sin Asignar', 0),
(3214, 4, 650, 'Sin Asignar', 0),
(3215, 5, 650, 'Sin Asignar', 0),
(3216, 1, 651, 'Sin Asignar', 0),
(3217, 2, 651, 'Sin Asignar', 0),
(3218, 3, 651, 'Sin Asignar', 0),
(3219, 4, 651, 'Sin Asignar', 0),
(3220, 5, 651, 'Sin Asignar', 0),
(3221, 1, 652, 'Sin Asignar', 0),
(3222, 2, 652, 'Sin Asignar', 0),
(3223, 3, 652, 'Sin Asignar', 0),
(3224, 4, 652, 'Sin Asignar', 0),
(3225, 5, 652, 'Sin Asignar', 0),
(3226, 1, 653, 'Sin Asignar', 0),
(3227, 2, 653, 'Sin Asignar', 0),
(3228, 3, 653, 'Sin Asignar', 0),
(3229, 4, 653, 'Sin Asignar', 0),
(3230, 5, 653, 'Sin Asignar', 0),
(3231, 1, 654, 'Sin Asignar', 0),
(3232, 2, 654, 'Sin Asignar', 0),
(3233, 3, 654, 'Sin Asignar', 0),
(3234, 4, 654, 'Sin Asignar', 0),
(3235, 5, 654, 'Sin Asignar', 0),
(3236, 1, 655, 'Sin Asignar', 0),
(3237, 2, 655, 'Sin Asignar', 0),
(3238, 3, 655, 'Sin Asignar', 0),
(3239, 4, 655, 'Sin Asignar', 0),
(3240, 5, 655, 'Sin Asignar', 0),
(3241, 1, 656, 'Sin Asignar', 0),
(3242, 2, 656, 'Sin Asignar', 0),
(3243, 3, 656, 'Sin Asignar', 0),
(3244, 4, 656, 'Sin Asignar', 0),
(3245, 5, 656, 'Sin Asignar', 0),
(3246, 1, 657, 'Sin Asignar', 0),
(3247, 2, 657, 'Sin Asignar', 0),
(3248, 3, 657, 'Sin Asignar', 0),
(3249, 4, 657, 'Sin Asignar', 0),
(3250, 5, 657, 'Sin Asignar', 0),
(3251, 1, 658, 'Sin Asignar', 0),
(3252, 2, 658, 'Sin Asignar', 0),
(3253, 3, 658, 'Sin Asignar', 0),
(3254, 4, 658, 'Sin Asignar', 0),
(3255, 5, 658, 'Sin Asignar', 0),
(3256, 1, 659, 'Sin Asignar', 0),
(3257, 2, 659, 'Sin Asignar', 0),
(3258, 3, 659, 'Sin Asignar', 0),
(3259, 4, 659, 'Sin Asignar', 0),
(3260, 5, 659, 'Sin Asignar', 0),
(3261, 1, 660, 'Sin Asignar', 0),
(3262, 2, 660, 'Sin Asignar', 0),
(3263, 3, 660, 'Sin Asignar', 0),
(3264, 4, 660, 'Sin Asignar', 0),
(3265, 5, 660, 'Sin Asignar', 0),
(3266, 1, 661, 'Sin Asignar', 0),
(3267, 2, 661, 'Sin Asignar', 0),
(3268, 3, 661, 'Sin Asignar', 0),
(3269, 4, 661, 'Sin Asignar', 0),
(3270, 5, 661, 'Sin Asignar', 0),
(3271, 1, 662, 'Sin Asignar', 0),
(3272, 2, 662, 'Sin Asignar', 0),
(3273, 3, 662, 'Sin Asignar', 0),
(3274, 4, 662, 'Sin Asignar', 0),
(3275, 5, 662, 'Sin Asignar', 0),
(3276, 1, 663, 'Sin Asignar', 0),
(3277, 2, 663, 'Sin Asignar', 0),
(3278, 3, 663, 'Sin Asignar', 0),
(3279, 4, 663, 'Sin Asignar', 0),
(3280, 5, 663, 'Sin Asignar', 0),
(3281, 1, 664, 'Sin Asignar', 0),
(3282, 2, 664, 'Sin Asignar', 0),
(3283, 3, 664, 'Sin Asignar', 0),
(3284, 4, 664, 'Sin Asignar', 0),
(3285, 5, 664, 'Sin Asignar', 0),
(3286, 1, 665, 'Sin Asignar', 0),
(3287, 2, 665, 'Sin Asignar', 0),
(3288, 3, 665, 'Sin Asignar', 0),
(3289, 4, 665, 'Sin Asignar', 0),
(3290, 5, 665, 'Sin Asignar', 0),
(3291, 1, 666, 'Sin Asignar', 0),
(3292, 2, 666, 'Sin Asignar', 0),
(3293, 3, 666, 'Sin Asignar', 0),
(3294, 4, 666, 'Sin Asignar', 0),
(3295, 5, 666, 'Sin Asignar', 0),
(3296, 1, 667, 'Sin Asignar', 0),
(3297, 2, 667, 'Sin Asignar', 0),
(3298, 3, 667, 'Sin Asignar', 0),
(3299, 4, 667, 'Sin Asignar', 0),
(3300, 5, 667, 'Sin Asignar', 0),
(3301, 1, 668, 'Sin Asignar', 0),
(3302, 2, 668, 'Sin Asignar', 0),
(3303, 3, 668, 'Sin Asignar', 0),
(3304, 4, 668, 'Sin Asignar', 0),
(3305, 5, 668, 'Sin Asignar', 0),
(3306, 1, 669, 'Sin Asignar', 0),
(3307, 2, 669, 'Sin Asignar', 0),
(3308, 3, 669, 'Sin Asignar', 0),
(3309, 4, 669, 'Sin Asignar', 0),
(3310, 5, 669, 'Sin Asignar', 0),
(3311, 1, 670, 'Sin Asignar', 0),
(3312, 2, 670, 'Sin Asignar', 0),
(3313, 3, 670, 'Sin Asignar', 0),
(3314, 4, 670, 'Sin Asignar', 0),
(3315, 5, 670, 'Sin Asignar', 0),
(3316, 1, 671, 'Sin Asignar', 0),
(3317, 2, 671, 'Sin Asignar', 0),
(3318, 3, 671, 'Sin Asignar', 0),
(3319, 4, 671, 'Sin Asignar', 0),
(3320, 5, 671, 'Sin Asignar', 0),
(3321, 1, 672, 'Sin Asignar', 0),
(3322, 2, 672, 'Sin Asignar', 0),
(3323, 3, 672, 'Sin Asignar', 0),
(3324, 4, 672, 'Sin Asignar', 0),
(3325, 5, 672, 'Sin Asignar', 0),
(3326, 1, 673, 'Sin Asignar', 0),
(3327, 2, 673, 'Sin Asignar', 0),
(3328, 3, 673, 'Sin Asignar', 0),
(3329, 4, 673, 'Sin Asignar', 0),
(3330, 5, 673, 'Sin Asignar', 0),
(3331, 1, 674, 'Sin Asignar', 0),
(3332, 2, 674, 'Sin Asignar', 0),
(3333, 3, 674, 'Sin Asignar', 0),
(3334, 4, 674, 'Sin Asignar', 0),
(3335, 5, 674, 'Sin Asignar', 0),
(3336, 1, 675, 'Sin Asignar', 0),
(3337, 2, 675, 'Sin Asignar', 0),
(3338, 3, 675, 'Sin Asignar', 0),
(3339, 4, 675, 'Sin Asignar', 0),
(3340, 5, 675, 'Sin Asignar', 0),
(3341, 1, 676, 'Sin Asignar', 0),
(3342, 2, 676, 'Sin Asignar', 0),
(3343, 3, 676, 'Sin Asignar', 0),
(3344, 4, 676, 'Sin Asignar', 0),
(3345, 5, 676, 'Sin Asignar', 0),
(3346, 1, 677, 'Sin Asignar', 0),
(3347, 2, 677, 'Sin Asignar', 0),
(3348, 3, 677, 'Sin Asignar', 0),
(3349, 4, 677, 'Sin Asignar', 0),
(3350, 5, 677, 'Sin Asignar', 0),
(3351, 1, 680, 'Sin Asignar', 0),
(3352, 2, 680, 'Sin Asignar', 0),
(3353, 3, 680, 'Sin Asignar', 0),
(3354, 4, 680, 'Sin Asignar', 0),
(3355, 5, 680, 'Sin Asignar', 0),
(3356, 1, 681, 'Sin Asignar', 0),
(3357, 2, 681, 'Sin Asignar', 0),
(3358, 3, 681, 'Sin Asignar', 0),
(3359, 4, 681, 'Sin Asignar', 0),
(3360, 5, 681, 'Sin Asignar', 0),
(3361, 1, 682, 'Sin Asignar', 0),
(3362, 2, 682, 'Sin Asignar', 0),
(3363, 3, 682, 'Sin Asignar', 0),
(3364, 4, 682, 'Sin Asignar', 0),
(3365, 5, 682, 'Sin Asignar', 0),
(3366, 1, 683, 'Sin Asignar', 0),
(3367, 2, 683, 'Sin Asignar', 0),
(3368, 3, 683, 'Sin Asignar', 0),
(3369, 4, 683, 'Sin Asignar', 0),
(3370, 5, 683, 'Sin Asignar', 0),
(3371, 1, 684, 'Sin Asignar', 0),
(3372, 2, 684, 'Sin Asignar', 0),
(3373, 3, 684, 'Sin Asignar', 0),
(3374, 4, 684, 'Sin Asignar', 0),
(3375, 5, 684, 'Sin Asignar', 0),
(3376, 1, 685, 'Sin Asignar', 0),
(3377, 2, 685, 'Sin Asignar', 0),
(3378, 3, 685, 'Sin Asignar', 0),
(3379, 4, 685, 'Sin Asignar', 0),
(3380, 5, 685, 'Sin Asignar', 0),
(3381, 1, 686, 'Sin Asignar', 0),
(3382, 2, 686, 'Sin Asignar', 0),
(3383, 3, 686, 'Sin Asignar', 0),
(3384, 4, 686, 'Sin Asignar', 0),
(3385, 5, 686, 'Sin Asignar', 0),
(3386, 1, 687, 'Sin Asignar', 0),
(3387, 2, 687, 'Sin Asignar', 0),
(3388, 3, 687, 'Sin Asignar', 0),
(3389, 4, 687, 'Sin Asignar', 0),
(3390, 5, 687, 'Sin Asignar', 0),
(3391, 1, 688, 'Sin Asignar', 0),
(3392, 2, 688, 'Sin Asignar', 0),
(3393, 3, 688, 'Sin Asignar', 0),
(3394, 4, 688, 'Sin Asignar', 0),
(3395, 5, 688, 'Sin Asignar', 0),
(3396, 1, 689, 'Sin Asignar', 0),
(3397, 2, 689, 'Sin Asignar', 0),
(3398, 3, 689, 'Sin Asignar', 0),
(3399, 4, 689, 'Sin Asignar', 0),
(3400, 5, 689, 'Sin Asignar', 0),
(3401, 1, 690, 'Sin Asignar', 0),
(3402, 2, 690, 'Sin Asignar', 0),
(3403, 3, 690, 'Sin Asignar', 0),
(3404, 4, 690, 'Sin Asignar', 0),
(3405, 5, 690, 'Sin Asignar', 0),
(3406, 1, 691, 'Sin Asignar', 0),
(3407, 2, 691, 'Sin Asignar', 0),
(3408, 3, 691, 'Sin Asignar', 0),
(3409, 4, 691, 'Sin Asignar', 0),
(3410, 5, 691, 'Sin Asignar', 0),
(3411, 1, 692, 'Sin Asignar', 0),
(3412, 2, 692, 'Sin Asignar', 0),
(3413, 3, 692, 'Sin Asignar', 0),
(3414, 4, 692, 'Sin Asignar', 0),
(3415, 5, 692, 'Sin Asignar', 0),
(3416, 1, 693, 'Sin Asignar', 0),
(3417, 2, 693, 'Sin Asignar', 0),
(3418, 3, 693, 'Sin Asignar', 0),
(3419, 4, 693, 'Sin Asignar', 0),
(3420, 5, 693, 'Sin Asignar', 0),
(3421, 1, 694, 'Sin Asignar', 0),
(3422, 2, 694, 'Sin Asignar', 0),
(3423, 3, 694, 'Sin Asignar', 0),
(3424, 4, 694, 'Sin Asignar', 0),
(3425, 5, 694, 'Sin Asignar', 0),
(3426, 1, 695, 'Sin Asignar', 0),
(3427, 2, 695, 'Sin Asignar', 0),
(3428, 3, 695, 'Sin Asignar', 0),
(3429, 4, 695, 'Sin Asignar', 0),
(3430, 5, 695, 'Sin Asignar', 0),
(3431, 1, 696, 'Sin Asignar', 0),
(3432, 2, 696, 'Sin Asignar', 0),
(3433, 3, 696, 'Sin Asignar', 0),
(3434, 4, 696, 'Sin Asignar', 0),
(3435, 5, 696, 'Sin Asignar', 0),
(3436, 1, 697, 'Sin Asignar', 0),
(3437, 2, 697, 'Sin Asignar', 0),
(3438, 3, 697, 'Sin Asignar', 0),
(3439, 4, 697, 'Sin Asignar', 0),
(3440, 5, 697, 'Sin Asignar', 0),
(3441, 1, 698, 'Sin Asignar', 0),
(3442, 2, 698, 'Sin Asignar', 0),
(3443, 3, 698, 'Sin Asignar', 0),
(3444, 4, 698, 'Sin Asignar', 0),
(3445, 5, 698, 'Sin Asignar', 0),
(3446, 1, 699, 'Sin Asignar', 0),
(3447, 2, 699, 'Sin Asignar', 0),
(3448, 3, 699, 'Sin Asignar', 0),
(3449, 4, 699, 'Sin Asignar', 0),
(3450, 5, 699, 'Sin Asignar', 0),
(3451, 1, 700, 'Sin Asignar', 0),
(3452, 2, 700, 'Sin Asignar', 0),
(3453, 3, 700, 'Sin Asignar', 0),
(3454, 4, 700, 'Sin Asignar', 0),
(3455, 5, 700, 'Sin Asignar', 0),
(3456, 1, 701, 'Sin Asignar', 0),
(3457, 2, 701, 'Sin Asignar', 0),
(3458, 3, 701, 'Sin Asignar', 0),
(3459, 4, 701, 'Sin Asignar', 0),
(3460, 5, 701, 'Sin Asignar', 0),
(3461, 1, 702, 'Sin Asignar', 0),
(3462, 2, 702, 'Sin Asignar', 0),
(3463, 3, 702, 'Sin Asignar', 0),
(3464, 4, 702, 'Sin Asignar', 0),
(3465, 5, 702, 'Sin Asignar', 0),
(3466, 1, 703, 'Sin Asignar', 0),
(3467, 2, 703, 'Sin Asignar', 0),
(3468, 3, 703, 'Sin Asignar', 0),
(3469, 4, 703, 'Sin Asignar', 0),
(3470, 5, 703, 'Sin Asignar', 0),
(3471, 1, 704, 'Sin Asignar', 0),
(3472, 2, 704, 'Sin Asignar', 0),
(3473, 3, 704, 'Sin Asignar', 0),
(3474, 4, 704, 'Sin Asignar', 0),
(3475, 5, 704, 'Sin Asignar', 0),
(3476, 1, 705, 'Sin Asignar', 0),
(3477, 2, 705, 'Sin Asignar', 0),
(3478, 3, 705, 'Sin Asignar', 0),
(3479, 4, 705, 'Sin Asignar', 0),
(3480, 5, 705, 'Sin Asignar', 0),
(3481, 1, 706, 'Sin Asignar', 0),
(3482, 2, 706, 'Sin Asignar', 0),
(3483, 3, 706, 'Sin Asignar', 0),
(3484, 4, 706, 'Sin Asignar', 0),
(3485, 5, 706, 'Sin Asignar', 0),
(3486, 1, 707, 'Sin Asignar', 0),
(3487, 2, 707, 'Sin Asignar', 0),
(3488, 3, 707, 'Sin Asignar', 0),
(3489, 4, 707, 'Sin Asignar', 0),
(3490, 5, 707, 'Sin Asignar', 0),
(3491, 1, 708, 'Sin Asignar', 0),
(3492, 2, 708, 'Sin Asignar', 0),
(3493, 3, 708, 'Sin Asignar', 0),
(3494, 4, 708, 'Sin Asignar', 0),
(3495, 5, 708, 'Sin Asignar', 0),
(3496, 1, 709, 'Sin Asignar', 0),
(3497, 2, 709, 'Sin Asignar', 0),
(3498, 3, 709, 'Sin Asignar', 0),
(3499, 4, 709, 'Sin Asignar', 0),
(3500, 5, 709, 'Sin Asignar', 0),
(3501, 1, 710, 'Sin Asignar', 0),
(3502, 2, 710, 'Sin Asignar', 0),
(3503, 3, 710, 'Sin Asignar', 0),
(3504, 4, 710, 'Sin Asignar', 0),
(3505, 5, 710, 'Sin Asignar', 0),
(3506, 1, 711, 'Sin Asignar', 0),
(3507, 2, 711, 'Sin Asignar', 0),
(3508, 3, 711, 'Sin Asignar', 0),
(3509, 4, 711, 'Sin Asignar', 0),
(3510, 5, 711, 'Sin Asignar', 0),
(3511, 1, 712, 'Sin Asignar', 0),
(3512, 2, 712, 'Sin Asignar', 0),
(3513, 3, 712, 'Sin Asignar', 0),
(3514, 4, 712, 'Sin Asignar', 0),
(3515, 5, 712, 'Sin Asignar', 0),
(3516, 1, 713, 'Sin Asignar', 0),
(3517, 2, 713, 'Sin Asignar', 0),
(3518, 3, 713, 'Sin Asignar', 0),
(3519, 4, 713, 'Sin Asignar', 0),
(3520, 5, 713, 'Sin Asignar', 0),
(3521, 1, 714, 'Sin Asignar', 0),
(3522, 2, 714, 'Sin Asignar', 0),
(3523, 3, 714, 'Sin Asignar', 0),
(3524, 4, 714, 'Sin Asignar', 0),
(3525, 5, 714, 'Sin Asignar', 0),
(3526, 1, 715, 'Sin Asignar', 0),
(3527, 2, 715, 'Sin Asignar', 0),
(3528, 3, 715, 'Sin Asignar', 0),
(3529, 4, 715, 'Sin Asignar', 0),
(3530, 5, 715, 'Sin Asignar', 0),
(3531, 1, 716, 'Sin Asignar', 0),
(3532, 2, 716, 'Sin Asignar', 0),
(3533, 3, 716, 'Sin Asignar', 0),
(3534, 4, 716, 'Sin Asignar', 0),
(3535, 5, 716, 'Sin Asignar', 0),
(3536, 1, 717, 'Sin Asignar', 0),
(3537, 2, 717, 'Sin Asignar', 0),
(3538, 3, 717, 'Sin Asignar', 0),
(3539, 4, 717, 'Sin Asignar', 0),
(3540, 5, 717, 'Sin Asignar', 0),
(3541, 1, 718, 'Sin Asignar', 0),
(3542, 2, 718, 'Sin Asignar', 0),
(3543, 3, 718, 'Sin Asignar', 0),
(3544, 4, 718, 'Sin Asignar', 0),
(3545, 5, 718, 'Sin Asignar', 0),
(3546, 1, 719, 'Sin Asignar', 0),
(3547, 2, 719, 'Sin Asignar', 0),
(3548, 3, 719, 'Sin Asignar', 0),
(3549, 4, 719, 'Sin Asignar', 0),
(3550, 5, 719, 'Sin Asignar', 0),
(3551, 1, 720, 'Sin Asignar', 0),
(3552, 2, 720, 'Sin Asignar', 0),
(3553, 3, 720, 'Sin Asignar', 0),
(3554, 4, 720, 'Sin Asignar', 0),
(3555, 5, 720, 'Sin Asignar', 0),
(3556, 1, 721, 'Sin Asignar', 0),
(3557, 2, 721, 'Sin Asignar', 0),
(3558, 3, 721, 'Sin Asignar', 0),
(3559, 4, 721, 'Sin Asignar', 0),
(3560, 5, 721, 'Sin Asignar', 0),
(3561, 1, 722, 'Sin Asignar', 0),
(3562, 2, 722, 'Sin Asignar', 0),
(3563, 3, 722, 'Sin Asignar', 0),
(3564, 4, 722, 'Sin Asignar', 0),
(3565, 5, 722, 'Sin Asignar', 0),
(3566, 1, 723, 'Sin Asignar', 0),
(3567, 2, 723, 'Sin Asignar', 0),
(3568, 3, 723, 'Sin Asignar', 0),
(3569, 4, 723, 'Sin Asignar', 0),
(3570, 5, 723, 'Sin Asignar', 0),
(3571, 1, 724, 'Sin Asignar', 0),
(3572, 2, 724, 'Sin Asignar', 0),
(3573, 3, 724, 'Sin Asignar', 0),
(3574, 4, 724, 'Sin Asignar', 0),
(3575, 5, 724, 'Sin Asignar', 0),
(3576, 1, 725, 'Sin Asignar', 0),
(3577, 2, 725, 'Sin Asignar', 0),
(3578, 3, 725, 'Sin Asignar', 0),
(3579, 4, 725, 'Sin Asignar', 0),
(3580, 5, 725, 'Sin Asignar', 0),
(3581, 1, 726, 'Sin Asignar', 0),
(3582, 2, 726, 'Sin Asignar', 0),
(3583, 3, 726, 'Sin Asignar', 0),
(3584, 4, 726, 'Sin Asignar', 0),
(3585, 5, 726, 'Sin Asignar', 0),
(3586, 1, 727, 'Sin Asignar', 0),
(3587, 2, 727, 'Sin Asignar', 0),
(3588, 3, 727, 'Sin Asignar', 0),
(3589, 4, 727, 'Sin Asignar', 0),
(3590, 5, 727, 'Sin Asignar', 0),
(3591, 1, 728, 'Sin Asignar', 0),
(3592, 2, 728, 'Sin Asignar', 0),
(3593, 3, 728, 'Sin Asignar', 0),
(3594, 4, 728, 'Sin Asignar', 0),
(3595, 5, 728, 'Sin Asignar', 0),
(3596, 1, 729, 'Sin Asignar', 0),
(3597, 2, 729, 'Sin Asignar', 0),
(3598, 3, 729, 'Sin Asignar', 0),
(3599, 4, 729, 'Sin Asignar', 0),
(3600, 5, 729, 'Sin Asignar', 0),
(3601, 1, 730, 'Sin Asignar', 0),
(3602, 2, 730, 'Sin Asignar', 0),
(3603, 3, 730, 'Sin Asignar', 0),
(3604, 4, 730, 'Sin Asignar', 0),
(3605, 5, 730, 'Sin Asignar', 0),
(3606, 1, 731, 'Sin Asignar', 0),
(3607, 2, 731, 'Sin Asignar', 0),
(3608, 3, 731, 'Sin Asignar', 0),
(3609, 4, 731, 'Sin Asignar', 0),
(3610, 5, 731, 'Sin Asignar', 0),
(3611, 1, 732, 'Sin Asignar', 0),
(3612, 2, 732, 'Sin Asignar', 0),
(3613, 3, 732, 'Sin Asignar', 0),
(3614, 4, 732, 'Sin Asignar', 0),
(3615, 5, 732, 'Sin Asignar', 0),
(3616, 1, 733, 'Sin Asignar', 0),
(3617, 2, 733, 'Sin Asignar', 0),
(3618, 3, 733, 'Sin Asignar', 0),
(3619, 4, 733, 'Sin Asignar', 0),
(3620, 5, 733, 'Sin Asignar', 0),
(3621, 1, 734, 'Sin Asignar', 0),
(3622, 2, 734, 'Sin Asignar', 0),
(3623, 3, 734, 'Sin Asignar', 0),
(3624, 4, 734, 'Sin Asignar', 0),
(3625, 5, 734, 'Sin Asignar', 0),
(3626, 1, 735, 'Sin Asignar', 0),
(3627, 2, 735, 'Sin Asignar', 0),
(3628, 3, 735, 'Sin Asignar', 0),
(3629, 4, 735, 'Sin Asignar', 0),
(3630, 5, 735, 'Sin Asignar', 0),
(3631, 1, 736, 'Sin Asignar', 0),
(3632, 2, 736, 'Sin Asignar', 0),
(3633, 3, 736, 'Sin Asignar', 0),
(3634, 4, 736, 'Sin Asignar', 0),
(3635, 5, 736, 'Sin Asignar', 0),
(3636, 1, 737, 'Sin Asignar', 0),
(3637, 2, 737, 'Sin Asignar', 0),
(3638, 3, 737, 'Sin Asignar', 0),
(3639, 4, 737, 'Sin Asignar', 0),
(3640, 5, 737, 'Sin Asignar', 0),
(3641, 1, 738, 'Sin Asignar', 0),
(3642, 2, 738, 'Sin Asignar', 0),
(3643, 3, 738, 'Sin Asignar', 0),
(3644, 4, 738, 'Sin Asignar', 0),
(3645, 5, 738, 'Sin Asignar', 0),
(3646, 1, 739, 'Sin Asignar', 0),
(3647, 2, 739, 'Sin Asignar', 0),
(3648, 3, 739, 'Sin Asignar', 0),
(3649, 4, 739, 'Sin Asignar', 0),
(3650, 5, 739, 'Sin Asignar', 0),
(3651, 1, 740, 'Sin Asignar', 0),
(3652, 2, 740, 'Sin Asignar', 0),
(3653, 3, 740, 'Sin Asignar', 0),
(3654, 4, 740, 'Sin Asignar', 0),
(3655, 5, 740, 'Sin Asignar', 0),
(3656, 1, 741, 'Sin Asignar', 0),
(3657, 2, 741, 'Sin Asignar', 0),
(3658, 3, 741, 'Sin Asignar', 0),
(3659, 4, 741, 'Sin Asignar', 0),
(3660, 5, 741, 'Sin Asignar', 0),
(3661, 1, 742, 'Sin Asignar', 0),
(3662, 2, 742, 'Sin Asignar', 0),
(3663, 3, 742, 'Sin Asignar', 0),
(3664, 4, 742, 'Sin Asignar', 0),
(3665, 5, 742, 'Sin Asignar', 0),
(3666, 1, 743, 'Sin Asignar', 0),
(3667, 2, 743, 'Sin Asignar', 0),
(3668, 3, 743, 'Sin Asignar', 0),
(3669, 4, 743, 'Sin Asignar', 0),
(3670, 5, 743, 'Sin Asignar', 0),
(3671, 1, 744, 'Sin Asignar', 0),
(3672, 2, 744, 'Sin Asignar', 0),
(3673, 3, 744, 'Sin Asignar', 0),
(3674, 4, 744, 'Sin Asignar', 0),
(3675, 5, 744, 'Sin Asignar', 0),
(3676, 1, 745, 'Sin Asignar', 0),
(3677, 2, 745, 'Sin Asignar', 0),
(3678, 3, 745, 'Sin Asignar', 0),
(3679, 4, 745, 'Sin Asignar', 0),
(3680, 5, 745, 'Sin Asignar', 0),
(3681, 1, 746, 'Sin Asignar', 0),
(3682, 2, 746, 'Sin Asignar', 0),
(3683, 3, 746, 'Sin Asignar', 0),
(3684, 4, 746, 'Sin Asignar', 0),
(3685, 5, 746, 'Sin Asignar', 0),
(3686, 1, 747, 'Sin Asignar', 0),
(3687, 2, 747, 'Sin Asignar', 0),
(3688, 3, 747, 'Sin Asignar', 0),
(3689, 4, 747, 'Sin Asignar', 0),
(3690, 5, 747, 'Sin Asignar', 0),
(3691, 1, 748, 'Sin Asignar', 0),
(3692, 2, 748, 'Sin Asignar', 0),
(3693, 3, 748, 'Sin Asignar', 0),
(3694, 4, 748, 'Sin Asignar', 0),
(3695, 5, 748, 'Sin Asignar', 0),
(3696, 1, 749, 'Sin Asignar', 0),
(3697, 2, 749, 'Sin Asignar', 0),
(3698, 3, 749, 'Sin Asignar', 0),
(3699, 4, 749, 'Sin Asignar', 0),
(3700, 5, 749, 'Sin Asignar', 0),
(3701, 1, 750, 'Sin Asignar', 0),
(3702, 2, 750, 'Sin Asignar', 0),
(3703, 3, 750, 'Sin Asignar', 0),
(3704, 4, 750, 'Sin Asignar', 0),
(3705, 5, 750, 'Sin Asignar', 0),
(3706, 1, 751, 'Sin Asignar', 0),
(3707, 2, 751, 'Sin Asignar', 0),
(3708, 3, 751, 'Sin Asignar', 0),
(3709, 4, 751, 'Sin Asignar', 0),
(3710, 5, 751, 'Sin Asignar', 0),
(3711, 1, 752, 'Sin Asignar', 0),
(3712, 2, 752, 'Sin Asignar', 0),
(3713, 3, 752, 'Sin Asignar', 0),
(3714, 4, 752, 'Sin Asignar', 0),
(3715, 5, 752, 'Sin Asignar', 0),
(3716, 1, 753, 'Sin Asignar', 0),
(3717, 2, 753, 'Sin Asignar', 0),
(3718, 3, 753, 'Sin Asignar', 0),
(3719, 4, 753, 'Sin Asignar', 0),
(3720, 5, 753, 'Sin Asignar', 0),
(3721, 1, 754, 'Sin Asignar', 0),
(3722, 2, 754, 'Sin Asignar', 0),
(3723, 3, 754, 'Sin Asignar', 0),
(3724, 4, 754, 'Sin Asignar', 0),
(3725, 5, 754, 'Sin Asignar', 0),
(3726, 1, 755, 'Sin Asignar', 0),
(3727, 2, 755, 'Sin Asignar', 0),
(3728, 3, 755, 'Sin Asignar', 0),
(3729, 4, 755, 'Sin Asignar', 0),
(3730, 5, 755, 'Sin Asignar', 0),
(3731, 1, 756, 'Sin Asignar', 0),
(3732, 2, 756, 'Sin Asignar', 0),
(3733, 3, 756, 'Sin Asignar', 0),
(3734, 4, 756, 'Sin Asignar', 0),
(3735, 5, 756, 'Sin Asignar', 0),
(3736, 1, 757, 'Sin Asignar', 0),
(3737, 2, 757, 'Sin Asignar', 0),
(3738, 3, 757, 'Sin Asignar', 0),
(3739, 4, 757, 'Sin Asignar', 0),
(3740, 5, 757, 'Sin Asignar', 0),
(3741, 1, 758, 'Sin Asignar', 0),
(3742, 2, 758, 'Sin Asignar', 0),
(3743, 3, 758, 'Sin Asignar', 0),
(3744, 4, 758, 'Sin Asignar', 0),
(3745, 5, 758, 'Sin Asignar', 0),
(3746, 1, 759, 'Sin Asignar', 0),
(3747, 2, 759, 'Sin Asignar', 0),
(3748, 3, 759, 'Sin Asignar', 0),
(3749, 4, 759, 'Sin Asignar', 0),
(3750, 5, 759, 'Sin Asignar', 0),
(3751, 1, 760, 'Sin Asignar', 0),
(3752, 2, 760, 'Sin Asignar', 0),
(3753, 3, 760, 'Sin Asignar', 0),
(3754, 4, 760, 'Sin Asignar', 0),
(3755, 5, 760, 'Sin Asignar', 0),
(3756, 1, 761, 'Sin Asignar', 0),
(3757, 2, 761, 'Sin Asignar', 0),
(3758, 3, 761, 'Sin Asignar', 0),
(3759, 4, 761, 'Sin Asignar', 0),
(3760, 5, 761, 'Sin Asignar', 0),
(3761, 1, 762, 'Sin Asignar', 0),
(3762, 2, 762, 'Sin Asignar', 0),
(3763, 3, 762, 'Sin Asignar', 0),
(3764, 4, 762, 'Sin Asignar', 0),
(3765, 5, 762, 'Sin Asignar', 0),
(3766, 1, 763, 'Sin Asignar', 0),
(3767, 2, 763, 'Sin Asignar', 0),
(3768, 3, 763, 'Sin Asignar', 0),
(3769, 4, 763, 'Sin Asignar', 0),
(3770, 5, 763, 'Sin Asignar', 0),
(3771, 1, 764, 'Sin Asignar', 0),
(3772, 2, 764, 'Sin Asignar', 0),
(3773, 3, 764, 'Sin Asignar', 0),
(3774, 4, 764, 'Sin Asignar', 0),
(3775, 5, 764, 'Sin Asignar', 0),
(3776, 1, 765, 'Sin Asignar', 0),
(3777, 2, 765, 'Sin Asignar', 0),
(3778, 3, 765, 'Sin Asignar', 0),
(3779, 4, 765, 'Sin Asignar', 0),
(3780, 5, 765, 'Sin Asignar', 0),
(3781, 1, 766, 'Sin Asignar', 0),
(3782, 2, 766, 'Sin Asignar', 0),
(3783, 3, 766, 'Sin Asignar', 0),
(3784, 4, 766, 'Sin Asignar', 0),
(3785, 5, 766, 'Sin Asignar', 0),
(3786, 1, 767, 'Sin Asignar', 0),
(3787, 2, 767, 'Sin Asignar', 0),
(3788, 3, 767, 'Sin Asignar', 0),
(3789, 4, 767, 'Sin Asignar', 0),
(3790, 5, 767, 'Sin Asignar', 0),
(3791, 1, 768, 'Sin Asignar', 0),
(3792, 2, 768, 'Sin Asignar', 0),
(3793, 3, 768, 'Sin Asignar', 0),
(3794, 4, 768, 'Sin Asignar', 0),
(3795, 5, 768, 'Sin Asignar', 0),
(3796, 1, 769, 'Sin Asignar', 0),
(3797, 2, 769, 'Sin Asignar', 0),
(3798, 3, 769, 'Sin Asignar', 0),
(3799, 4, 769, 'Sin Asignar', 0),
(3800, 5, 769, 'Sin Asignar', 0),
(3801, 1, 770, 'Sin Asignar', 0),
(3802, 2, 770, 'Sin Asignar', 0),
(3803, 3, 770, 'Sin Asignar', 0),
(3804, 4, 770, 'Sin Asignar', 0),
(3805, 5, 770, 'Sin Asignar', 0),
(3806, 1, 771, 'Sin Asignar', 0),
(3807, 2, 771, 'Sin Asignar', 0),
(3808, 3, 771, 'Sin Asignar', 0),
(3809, 4, 771, 'Sin Asignar', 0),
(3810, 5, 771, 'Sin Asignar', 0),
(3811, 1, 772, 'Sin Asignar', 0),
(3812, 2, 772, 'Sin Asignar', 0),
(3813, 3, 772, 'Sin Asignar', 0),
(3814, 4, 772, 'Sin Asignar', 0),
(3815, 5, 772, 'Sin Asignar', 0),
(3816, 1, 773, 'Sin Asignar', 0),
(3817, 2, 773, 'Sin Asignar', 0),
(3818, 3, 773, 'Sin Asignar', 0),
(3819, 4, 773, 'Sin Asignar', 0),
(3820, 5, 773, 'Sin Asignar', 0),
(3821, 1, 774, 'Sin Asignar', 0),
(3822, 2, 774, 'Sin Asignar', 0),
(3823, 3, 774, 'Sin Asignar', 0),
(3824, 4, 774, 'Sin Asignar', 0),
(3825, 5, 774, 'Sin Asignar', 0),
(3826, 1, 775, 'Sin Asignar', 0),
(3827, 2, 775, 'Sin Asignar', 0),
(3828, 3, 775, 'Sin Asignar', 0),
(3829, 4, 775, 'Sin Asignar', 0),
(3830, 5, 775, 'Sin Asignar', 0),
(3831, 1, 776, 'Sin Asignar', 0),
(3832, 2, 776, 'Sin Asignar', 0),
(3833, 3, 776, 'Sin Asignar', 0),
(3834, 4, 776, 'Sin Asignar', 0),
(3835, 5, 776, 'Sin Asignar', 0),
(3836, 1, 777, 'Sin Asignar', 0),
(3837, 2, 777, 'Sin Asignar', 0),
(3838, 3, 777, 'Sin Asignar', 0),
(3839, 4, 777, 'Sin Asignar', 0),
(3840, 5, 777, 'Sin Asignar', 0),
(3841, 1, 778, 'Sin Asignar', 0),
(3842, 2, 778, 'Sin Asignar', 0),
(3843, 3, 778, 'Sin Asignar', 0),
(3844, 4, 778, 'Sin Asignar', 0),
(3845, 5, 778, 'Sin Asignar', 0),
(3846, 1, 779, 'Sin Asignar', 0),
(3847, 2, 779, 'Sin Asignar', 0),
(3848, 3, 779, 'Sin Asignar', 0),
(3849, 4, 779, 'Sin Asignar', 0),
(3850, 5, 779, 'Sin Asignar', 0),
(3851, 1, 780, 'Sin Asignar', 0),
(3852, 2, 780, 'Sin Asignar', 0),
(3853, 3, 780, 'Sin Asignar', 0),
(3854, 4, 780, 'Sin Asignar', 0),
(3855, 5, 780, 'Sin Asignar', 0),
(3856, 1, 781, 'Sin Asignar', 0),
(3857, 2, 781, 'Sin Asignar', 0),
(3858, 3, 781, 'Sin Asignar', 0),
(3859, 4, 781, 'Sin Asignar', 0),
(3860, 5, 781, 'Sin Asignar', 0),
(3861, 1, 782, 'Sin Asignar', 0),
(3862, 2, 782, 'Sin Asignar', 0),
(3863, 3, 782, 'Sin Asignar', 0),
(3864, 4, 782, 'Sin Asignar', 0),
(3865, 5, 782, 'Sin Asignar', 0),
(3866, 1, 783, 'Sin Asignar', 0),
(3867, 2, 783, 'Sin Asignar', 0),
(3868, 3, 783, 'Sin Asignar', 0),
(3869, 4, 783, 'Sin Asignar', 0),
(3870, 5, 783, 'Sin Asignar', 0),
(3871, 1, 784, 'Sin Asignar', 0),
(3872, 2, 784, 'Sin Asignar', 0),
(3873, 3, 784, 'Sin Asignar', 0),
(3874, 4, 784, 'Sin Asignar', 0),
(3875, 5, 784, 'Sin Asignar', 0),
(3876, 1, 785, 'Sin Asignar', 0),
(3877, 2, 785, 'Sin Asignar', 0),
(3878, 3, 785, 'Sin Asignar', 0),
(3879, 4, 785, 'Sin Asignar', 0),
(3880, 5, 785, 'Sin Asignar', 0),
(3881, 1, 786, 'Sin Asignar', 0),
(3882, 2, 786, 'Sin Asignar', 0),
(3883, 3, 786, 'Sin Asignar', 0),
(3884, 4, 786, 'Sin Asignar', 0),
(3885, 5, 786, 'Sin Asignar', 0),
(3886, 1, 787, 'Sin Asignar', 0),
(3887, 2, 787, 'Sin Asignar', 0),
(3888, 3, 787, 'Sin Asignar', 0),
(3889, 4, 787, 'Sin Asignar', 0),
(3890, 5, 787, 'Sin Asignar', 0),
(3891, 1, 788, 'Sin Asignar', 0),
(3892, 2, 788, 'Sin Asignar', 0),
(3893, 3, 788, 'Sin Asignar', 0),
(3894, 4, 788, 'Sin Asignar', 0),
(3895, 5, 788, 'Sin Asignar', 0),
(3896, 1, 789, 'Sin Asignar', 0),
(3897, 2, 789, 'Sin Asignar', 0),
(3898, 3, 789, 'Sin Asignar', 0),
(3899, 4, 789, 'Sin Asignar', 0),
(3900, 5, 789, 'Sin Asignar', 0),
(3901, 1, 790, 'Sin Asignar', 0),
(3902, 2, 790, 'Sin Asignar', 0),
(3903, 3, 790, 'Sin Asignar', 0),
(3904, 4, 790, 'Sin Asignar', 0),
(3905, 5, 790, 'Sin Asignar', 0),
(3906, 1, 791, 'Sin Asignar', 0),
(3907, 2, 791, 'Sin Asignar', 0),
(3908, 3, 791, 'Sin Asignar', 0),
(3909, 4, 791, 'Sin Asignar', 0),
(3910, 5, 791, 'Sin Asignar', 0),
(3911, 1, 792, 'Sin Asignar', 0),
(3912, 2, 792, 'Sin Asignar', 0),
(3913, 3, 792, 'Sin Asignar', 0),
(3914, 4, 792, 'Sin Asignar', 0),
(3915, 5, 792, 'Sin Asignar', 0),
(3916, 1, 793, 'Sin Asignar', 0),
(3917, 2, 793, 'Sin Asignar', 0),
(3918, 3, 793, 'Sin Asignar', 0),
(3919, 4, 793, 'Sin Asignar', 0),
(3920, 5, 793, 'Sin Asignar', 0),
(3921, 1, 794, 'Sin Asignar', 0),
(3922, 2, 794, 'Sin Asignar', 0),
(3923, 3, 794, 'Sin Asignar', 0),
(3924, 4, 794, 'Sin Asignar', 0),
(3925, 5, 794, 'Sin Asignar', 0),
(3926, 1, 795, 'Sin Asignar', 0),
(3927, 2, 795, 'Sin Asignar', 0),
(3928, 3, 795, 'Sin Asignar', 0),
(3929, 4, 795, 'Sin Asignar', 0),
(3930, 5, 795, 'Sin Asignar', 0),
(3931, 1, 796, 'Sin Asignar', 0),
(3932, 2, 796, 'Sin Asignar', 0),
(3933, 3, 796, 'Sin Asignar', 0),
(3934, 4, 796, 'Sin Asignar', 0),
(3935, 5, 796, 'Sin Asignar', 0),
(3936, 1, 797, 'Sin Asignar', 0),
(3937, 2, 797, 'Sin Asignar', 0),
(3938, 3, 797, 'Sin Asignar', 0),
(3939, 4, 797, 'Sin Asignar', 0),
(3940, 5, 797, 'Sin Asignar', 0),
(3941, 1, 798, 'Sin Asignar', 0),
(3942, 2, 798, 'Sin Asignar', 0),
(3943, 3, 798, 'Sin Asignar', 0),
(3944, 4, 798, 'Sin Asignar', 0),
(3945, 5, 798, 'Sin Asignar', 0),
(3946, 1, 799, 'Sin Asignar', 0),
(3947, 2, 799, 'Sin Asignar', 0),
(3948, 3, 799, 'Sin Asignar', 0),
(3949, 4, 799, 'Sin Asignar', 0),
(3950, 5, 799, 'Sin Asignar', 0),
(3951, 1, 800, 'Sin Asignar', 0),
(3952, 2, 800, 'Sin Asignar', 0),
(3953, 3, 800, 'Sin Asignar', 0),
(3954, 4, 800, 'Sin Asignar', 0),
(3955, 5, 800, 'Sin Asignar', 0),
(3956, 1, 801, 'Sin Asignar', 0),
(3957, 2, 801, 'Sin Asignar', 0),
(3958, 3, 801, 'Sin Asignar', 0),
(3959, 4, 801, 'Sin Asignar', 0),
(3960, 5, 801, 'Sin Asignar', 0),
(3961, 1, 802, 'Sin Asignar', 0),
(3962, 2, 802, 'Sin Asignar', 0),
(3963, 3, 802, 'Sin Asignar', 0),
(3964, 4, 802, 'Sin Asignar', 0),
(3965, 5, 802, 'Sin Asignar', 0),
(3966, 1, 803, 'Sin Asignar', 0),
(3967, 2, 803, 'Sin Asignar', 0),
(3968, 3, 803, 'Sin Asignar', 0),
(3969, 4, 803, 'Sin Asignar', 0),
(3970, 5, 803, 'Sin Asignar', 0),
(3971, 1, 804, 'Sin Asignar', 0),
(3972, 2, 804, 'Sin Asignar', 0),
(3973, 3, 804, 'Sin Asignar', 0),
(3974, 4, 804, 'Sin Asignar', 0),
(3975, 5, 804, 'Sin Asignar', 0),
(3976, 1, 805, 'Sin Asignar', 0),
(3977, 2, 805, 'Sin Asignar', 0),
(3978, 3, 805, 'Sin Asignar', 0),
(3979, 4, 805, 'Sin Asignar', 0),
(3980, 5, 805, 'Sin Asignar', 0),
(3981, 1, 806, 'Sin Asignar', 0),
(3982, 2, 806, 'Sin Asignar', 0),
(3983, 3, 806, 'Sin Asignar', 0),
(3984, 4, 806, 'Sin Asignar', 0),
(3985, 5, 806, 'Sin Asignar', 0),
(3986, 1, 807, 'Sin Asignar', 0),
(3987, 2, 807, 'Sin Asignar', 0),
(3988, 3, 807, 'Sin Asignar', 0),
(3989, 4, 807, 'Sin Asignar', 0),
(3990, 5, 807, 'Sin Asignar', 0),
(3991, 1, 808, 'Sin Asignar', 0),
(3992, 2, 808, 'Sin Asignar', 0),
(3993, 3, 808, 'Sin Asignar', 0),
(3994, 4, 808, 'Sin Asignar', 0),
(3995, 5, 808, 'Sin Asignar', 0),
(3996, 1, 809, 'Sin Asignar', 0),
(3997, 2, 809, 'Sin Asignar', 0),
(3998, 3, 809, 'Sin Asignar', 0),
(3999, 4, 809, 'Sin Asignar', 0),
(4000, 5, 809, 'Sin Asignar', 0),
(4001, 1, 810, 'Sin Asignar', 0),
(4002, 2, 810, 'Sin Asignar', 0),
(4003, 3, 810, 'Sin Asignar', 0),
(4004, 4, 810, 'Sin Asignar', 0),
(4005, 5, 810, 'Sin Asignar', 0),
(4006, 1, 811, 'Sin Asignar', 0),
(4007, 2, 811, 'Sin Asignar', 0),
(4008, 3, 811, 'Sin Asignar', 0),
(4009, 4, 811, 'Sin Asignar', 0),
(4010, 5, 811, 'Sin Asignar', 0),
(4011, 1, 812, 'Sin Asignar', 0),
(4012, 2, 812, 'Sin Asignar', 0),
(4013, 3, 812, 'Sin Asignar', 0),
(4014, 4, 812, 'Sin Asignar', 0),
(4015, 5, 812, 'Sin Asignar', 0),
(4016, 1, 813, 'Sin Asignar', 0),
(4017, 2, 813, 'Sin Asignar', 0),
(4018, 3, 813, 'Sin Asignar', 0),
(4019, 4, 813, 'Sin Asignar', 0),
(4020, 5, 813, 'Sin Asignar', 0),
(4021, 1, 814, 'Sin Asignar', 0),
(4022, 2, 814, 'Sin Asignar', 0),
(4023, 3, 814, 'Sin Asignar', 0),
(4024, 4, 814, 'Sin Asignar', 0),
(4025, 5, 814, 'Sin Asignar', 0),
(4026, 1, 815, 'Sin Asignar', 0),
(4027, 2, 815, 'Sin Asignar', 0),
(4028, 3, 815, 'Sin Asignar', 0),
(4029, 4, 815, 'Sin Asignar', 0),
(4030, 5, 815, 'Sin Asignar', 0),
(4031, 1, 816, 'Sin Asignar', 0),
(4032, 2, 816, 'Sin Asignar', 0),
(4033, 3, 816, 'Sin Asignar', 0),
(4034, 4, 816, 'Sin Asignar', 0),
(4035, 5, 816, 'Sin Asignar', 0),
(4036, 1, 817, 'Sin Asignar', 0),
(4037, 2, 817, 'Sin Asignar', 0),
(4038, 3, 817, 'Sin Asignar', 0),
(4039, 4, 817, 'Sin Asignar', 0),
(4040, 5, 817, 'Sin Asignar', 0),
(4041, 1, 818, 'Sin Asignar', 0),
(4042, 2, 818, 'Sin Asignar', 0),
(4043, 3, 818, 'Sin Asignar', 0),
(4044, 4, 818, 'Sin Asignar', 0),
(4045, 5, 818, 'Sin Asignar', 0),
(4046, 1, 819, 'Sin Asignar', 0),
(4047, 2, 819, 'Sin Asignar', 0),
(4048, 3, 819, 'Sin Asignar', 0),
(4049, 4, 819, 'Sin Asignar', 0),
(4050, 5, 819, 'Sin Asignar', 0),
(4051, 1, 820, 'Sin Asignar', 0),
(4052, 2, 820, 'Sin Asignar', 0),
(4053, 3, 820, 'Sin Asignar', 0),
(4054, 4, 820, 'Sin Asignar', 0),
(4055, 5, 820, 'Sin Asignar', 0),
(4056, 1, 821, 'Sin Asignar', 0),
(4057, 2, 821, 'Sin Asignar', 0),
(4058, 3, 821, 'Sin Asignar', 0),
(4059, 4, 821, 'Sin Asignar', 0),
(4060, 5, 821, 'Sin Asignar', 0),
(4061, 1, 822, 'Sin Asignar', 0),
(4062, 2, 822, 'Sin Asignar', 0),
(4063, 3, 822, 'Sin Asignar', 0),
(4064, 4, 822, 'Sin Asignar', 0),
(4065, 5, 822, 'Sin Asignar', 0),
(4066, 1, 823, 'Sin Asignar', 0),
(4067, 2, 823, 'Sin Asignar', 0),
(4068, 3, 823, 'Sin Asignar', 0),
(4069, 4, 823, 'Sin Asignar', 0),
(4070, 5, 823, 'Sin Asignar', 0),
(4071, 1, 824, 'Sin Asignar', 0),
(4072, 2, 824, 'Sin Asignar', 0),
(4073, 3, 824, 'Sin Asignar', 0),
(4074, 4, 824, 'Sin Asignar', 0),
(4075, 5, 824, 'Sin Asignar', 0),
(4076, 1, 825, 'Sin Asignar', 0),
(4077, 2, 825, 'Sin Asignar', 0),
(4078, 3, 825, 'Sin Asignar', 0),
(4079, 4, 825, 'Sin Asignar', 0),
(4080, 5, 825, 'Sin Asignar', 0),
(4081, 1, 826, 'Sin Asignar', 0),
(4082, 2, 826, 'Sin Asignar', 0),
(4083, 3, 826, 'Sin Asignar', 0),
(4084, 4, 826, 'Sin Asignar', 0),
(4085, 5, 826, 'Sin Asignar', 0),
(4086, 1, 827, 'Sin Asignar', 0),
(4087, 2, 827, 'Sin Asignar', 0),
(4088, 3, 827, 'Sin Asignar', 0),
(4089, 4, 827, 'Sin Asignar', 0),
(4090, 5, 827, 'Sin Asignar', 0),
(4091, 1, 828, 'Sin Asignar', 0),
(4092, 2, 828, 'Sin Asignar', 0),
(4093, 3, 828, 'Sin Asignar', 0),
(4094, 4, 828, 'Sin Asignar', 0),
(4095, 5, 828, 'Sin Asignar', 0),
(4096, 1, 829, 'Sin Asignar', 0),
(4097, 2, 829, 'Sin Asignar', 0),
(4098, 3, 829, 'Sin Asignar', 0),
(4099, 4, 829, 'Sin Asignar', 0),
(4100, 5, 829, 'Sin Asignar', 0),
(4101, 1, 830, 'Sin Asignar', 0),
(4102, 2, 830, 'Sin Asignar', 0),
(4103, 3, 830, 'Sin Asignar', 0),
(4104, 4, 830, 'Sin Asignar', 0),
(4105, 5, 830, 'Sin Asignar', 0),
(4106, 1, 831, 'Sin Asignar', 0),
(4107, 2, 831, 'Sin Asignar', 0),
(4108, 3, 831, 'Sin Asignar', 0),
(4109, 4, 831, 'Sin Asignar', 0),
(4110, 5, 831, 'Sin Asignar', 0),
(4111, 1, 832, 'Sin Asignar', 0),
(4112, 2, 832, 'Sin Asignar', 0),
(4113, 3, 832, 'Sin Asignar', 0),
(4114, 4, 832, 'Sin Asignar', 0),
(4115, 5, 832, 'Sin Asignar', 0),
(4116, 1, 833, 'Sin Asignar', 0),
(4117, 2, 833, 'Sin Asignar', 0),
(4118, 3, 833, 'Sin Asignar', 0),
(4119, 4, 833, 'Sin Asignar', 0),
(4120, 5, 833, 'Sin Asignar', 0),
(4121, 1, 834, 'Sin Asignar', 0),
(4122, 2, 834, 'Sin Asignar', 0),
(4123, 3, 834, 'Sin Asignar', 0),
(4124, 4, 834, 'Sin Asignar', 0),
(4125, 5, 834, 'Sin Asignar', 0),
(4126, 1, 835, 'Sin Asignar', 0),
(4127, 2, 835, 'Sin Asignar', 0),
(4128, 3, 835, 'Sin Asignar', 0),
(4129, 4, 835, 'Sin Asignar', 0),
(4130, 5, 835, 'Sin Asignar', 0),
(4131, 1, 836, 'Sin Asignar', 0),
(4132, 2, 836, 'Sin Asignar', 0),
(4133, 3, 836, 'Sin Asignar', 0),
(4134, 4, 836, 'Sin Asignar', 0),
(4135, 5, 836, 'Sin Asignar', 0),
(4136, 1, 837, 'Sin Asignar', 0),
(4137, 2, 837, 'Sin Asignar', 0),
(4138, 3, 837, 'Sin Asignar', 0),
(4139, 4, 837, 'Sin Asignar', 0),
(4140, 5, 837, 'Sin Asignar', 0),
(4141, 1, 838, 'Sin Asignar', 0),
(4142, 2, 838, 'Sin Asignar', 0),
(4143, 3, 838, 'Sin Asignar', 0),
(4144, 4, 838, 'Sin Asignar', 0),
(4145, 5, 838, 'Sin Asignar', 0),
(4146, 1, 839, 'Sin Asignar', 0),
(4147, 2, 839, 'Sin Asignar', 0),
(4148, 3, 839, 'Sin Asignar', 0),
(4149, 4, 839, 'Sin Asignar', 0),
(4150, 5, 839, 'Sin Asignar', 0),
(4151, 1, 840, 'Sin Asignar', 0),
(4152, 2, 840, 'Sin Asignar', 0),
(4153, 3, 840, 'Sin Asignar', 0),
(4154, 4, 840, 'Sin Asignar', 0),
(4155, 5, 840, 'Sin Asignar', 0),
(4156, 1, 841, 'Sin Asignar', 0),
(4157, 2, 841, 'Sin Asignar', 0),
(4158, 3, 841, 'Sin Asignar', 0),
(4159, 4, 841, 'Sin Asignar', 0),
(4160, 5, 841, 'Sin Asignar', 0),
(4161, 1, 842, 'Sin Asignar', 0),
(4162, 2, 842, 'Sin Asignar', 0),
(4163, 3, 842, 'Sin Asignar', 0),
(4164, 4, 842, 'Sin Asignar', 0),
(4165, 5, 842, 'Sin Asignar', 0),
(4166, 1, 843, 'Sin Asignar', 0),
(4167, 2, 843, 'Sin Asignar', 0),
(4168, 3, 843, 'Sin Asignar', 0),
(4169, 4, 843, 'Sin Asignar', 0),
(4170, 5, 843, 'Sin Asignar', 0),
(4171, 1, 844, 'Sin Asignar', 0),
(4172, 2, 844, 'Sin Asignar', 0),
(4173, 3, 844, 'Sin Asignar', 0),
(4174, 4, 844, 'Sin Asignar', 0),
(4175, 5, 844, 'Sin Asignar', 0),
(4176, 1, 845, 'Sin Asignar', 0),
(4177, 2, 845, 'Sin Asignar', 0),
(4178, 3, 845, 'Sin Asignar', 0),
(4179, 4, 845, 'Sin Asignar', 0),
(4180, 5, 845, 'Sin Asignar', 0),
(4181, 1, 846, 'Sin Asignar', 0),
(4182, 2, 846, 'Sin Asignar', 0),
(4183, 3, 846, 'Sin Asignar', 0),
(4184, 4, 846, 'Sin Asignar', 0),
(4185, 5, 846, 'Sin Asignar', 0),
(4186, 1, 847, 'Sin Asignar', 0),
(4187, 2, 847, 'Sin Asignar', 0),
(4188, 3, 847, 'Sin Asignar', 0),
(4189, 4, 847, 'Sin Asignar', 0),
(4190, 5, 847, 'Sin Asignar', 0),
(4191, 1, 848, 'Sin Asignar', 0),
(4192, 2, 848, 'Sin Asignar', 0),
(4193, 3, 848, 'Sin Asignar', 0),
(4194, 4, 848, 'Sin Asignar', 0),
(4195, 5, 848, 'Sin Asignar', 0),
(4196, 1, 849, 'Sin Asignar', 0),
(4197, 2, 849, 'Sin Asignar', 0),
(4198, 3, 849, 'Sin Asignar', 0),
(4199, 4, 849, 'Sin Asignar', 0),
(4200, 5, 849, 'Sin Asignar', 0),
(4201, 1, 850, 'Sin Asignar', 0),
(4202, 2, 850, 'Sin Asignar', 0),
(4203, 3, 850, 'Sin Asignar', 0),
(4204, 4, 850, 'Sin Asignar', 0),
(4205, 5, 850, 'Sin Asignar', 0),
(4206, 1, 851, 'Sin Asignar', 0),
(4207, 2, 851, 'Sin Asignar', 0),
(4208, 3, 851, 'Sin Asignar', 0),
(4209, 4, 851, 'Sin Asignar', 0),
(4210, 5, 851, 'Sin Asignar', 0),
(4211, 1, 852, 'Sin Asignar', 0),
(4212, 2, 852, 'Sin Asignar', 0),
(4213, 3, 852, 'Sin Asignar', 0),
(4214, 4, 852, 'Sin Asignar', 0),
(4215, 5, 852, 'Sin Asignar', 0),
(4216, 1, 853, 'Sin Asignar', 0),
(4217, 2, 853, 'Sin Asignar', 0),
(4218, 3, 853, 'Sin Asignar', 0),
(4219, 4, 853, 'Sin Asignar', 0),
(4220, 5, 853, 'Sin Asignar', 0),
(4221, 1, 854, 'Sin Asignar', 0),
(4222, 2, 854, 'Sin Asignar', 0),
(4223, 3, 854, 'Sin Asignar', 0),
(4224, 4, 854, 'Sin Asignar', 0),
(4225, 5, 854, 'Sin Asignar', 0),
(4226, 1, 855, 'Sin Asignar', 0),
(4227, 2, 855, 'Sin Asignar', 0),
(4228, 3, 855, 'Sin Asignar', 0),
(4229, 4, 855, 'Sin Asignar', 0),
(4230, 5, 855, 'Sin Asignar', 0),
(4231, 1, 856, 'Sin Asignar', 0),
(4232, 2, 856, 'Sin Asignar', 0),
(4233, 3, 856, 'Sin Asignar', 0),
(4234, 4, 856, 'Sin Asignar', 0),
(4235, 5, 856, 'Sin Asignar', 0),
(4236, 1, 857, 'Sin Asignar', 0),
(4237, 2, 857, 'Sin Asignar', 0),
(4238, 3, 857, 'Sin Asignar', 0),
(4239, 4, 857, 'Sin Asignar', 0),
(4240, 5, 857, 'Sin Asignar', 0),
(4241, 1, 858, 'Sin Asignar', 0),
(4242, 2, 858, 'Sin Asignar', 0),
(4243, 3, 858, 'Sin Asignar', 0),
(4244, 4, 858, 'Sin Asignar', 0),
(4245, 5, 858, 'Sin Asignar', 0),
(4246, 1, 859, 'Sin Asignar', 0),
(4247, 2, 859, 'Sin Asignar', 0),
(4248, 3, 859, 'Sin Asignar', 0),
(4249, 4, 859, 'Sin Asignar', 0),
(4250, 5, 859, 'Sin Asignar', 0),
(4251, 1, 860, 'Sin Asignar', 0),
(4252, 2, 860, 'Sin Asignar', 0),
(4253, 3, 860, 'Sin Asignar', 0),
(4254, 4, 860, 'Sin Asignar', 0),
(4255, 5, 860, 'Sin Asignar', 0),
(4256, 1, 861, 'Sin Asignar', 0),
(4257, 2, 861, 'Sin Asignar', 0),
(4258, 3, 861, 'Sin Asignar', 0),
(4259, 4, 861, 'Sin Asignar', 0),
(4260, 5, 861, 'Sin Asignar', 0),
(4261, 1, 862, 'Sin Asignar', 0),
(4262, 2, 862, 'Sin Asignar', 0),
(4263, 3, 862, 'Sin Asignar', 0),
(4264, 4, 862, 'Sin Asignar', 0),
(4265, 5, 862, 'Sin Asignar', 0),
(4266, 1, 863, 'Sin Asignar', 0),
(4267, 2, 863, 'Sin Asignar', 0),
(4268, 3, 863, 'Sin Asignar', 0),
(4269, 4, 863, 'Sin Asignar', 0),
(4270, 5, 863, 'Sin Asignar', 0),
(4271, 1, 864, 'Sin Asignar', 0),
(4272, 2, 864, 'Sin Asignar', 0),
(4273, 3, 864, 'Sin Asignar', 0),
(4274, 4, 864, 'Sin Asignar', 0),
(4275, 5, 864, 'Sin Asignar', 0),
(4276, 1, 865, 'Sin Asignar', 0),
(4277, 2, 865, 'Sin Asignar', 0),
(4278, 3, 865, 'Sin Asignar', 0),
(4279, 4, 865, 'Sin Asignar', 0),
(4280, 5, 865, 'Sin Asignar', 0),
(4281, 1, 866, 'Sin Asignar', 0),
(4282, 2, 866, 'Sin Asignar', 0),
(4283, 3, 866, 'Sin Asignar', 0),
(4284, 4, 866, 'Sin Asignar', 0),
(4285, 5, 866, 'Sin Asignar', 0),
(4286, 1, 867, 'Sin Asignar', 0),
(4287, 2, 867, 'Sin Asignar', 0),
(4288, 3, 867, 'Sin Asignar', 0),
(4289, 4, 867, 'Sin Asignar', 0),
(4290, 5, 867, 'Sin Asignar', 0),
(4291, 1, 868, 'Sin Asignar', 0),
(4292, 2, 868, 'Sin Asignar', 0),
(4293, 3, 868, 'Sin Asignar', 0),
(4294, 4, 868, 'Sin Asignar', 0),
(4295, 5, 868, 'Sin Asignar', 0),
(4296, 1, 869, 'Sin Asignar', 0),
(4297, 2, 869, 'Sin Asignar', 0),
(4298, 3, 869, 'Sin Asignar', 0),
(4299, 4, 869, 'Sin Asignar', 0),
(4300, 5, 869, 'Sin Asignar', 0),
(4301, 1, 870, 'Sin Asignar', 0),
(4302, 2, 870, 'Sin Asignar', 0),
(4303, 3, 870, 'Sin Asignar', 0),
(4304, 4, 870, 'Sin Asignar', 0),
(4305, 5, 870, 'Sin Asignar', 0),
(4306, 1, 871, 'Sin Asignar', 0),
(4307, 2, 871, 'Sin Asignar', 0),
(4308, 3, 871, 'Sin Asignar', 0),
(4309, 4, 871, 'Sin Asignar', 0),
(4310, 5, 871, 'Sin Asignar', 0),
(4311, 1, 872, 'Sin Asignar', 0),
(4312, 2, 872, 'Sin Asignar', 0),
(4313, 3, 872, 'Sin Asignar', 0),
(4314, 4, 872, 'Sin Asignar', 0),
(4315, 5, 872, 'Sin Asignar', 0),
(4316, 1, 873, 'Sin Asignar', 0),
(4317, 2, 873, 'Sin Asignar', 0),
(4318, 3, 873, 'Sin Asignar', 0),
(4319, 4, 873, 'Sin Asignar', 0),
(4320, 5, 873, 'Sin Asignar', 0),
(4321, 1, 874, 'Sin Asignar', 0),
(4322, 2, 874, 'Sin Asignar', 0),
(4323, 3, 874, 'Sin Asignar', 0),
(4324, 4, 874, 'Sin Asignar', 0),
(4325, 5, 874, 'Sin Asignar', 0),
(4326, 1, 875, 'Sin Asignar', 0),
(4327, 2, 875, 'Sin Asignar', 0),
(4328, 3, 875, 'Sin Asignar', 0),
(4329, 4, 875, 'Sin Asignar', 0),
(4330, 5, 875, 'Sin Asignar', 0),
(4331, 1, 876, 'Sin Asignar', 0),
(4332, 2, 876, 'Sin Asignar', 0),
(4333, 3, 876, 'Sin Asignar', 0),
(4334, 4, 876, 'Sin Asignar', 0),
(4335, 5, 876, 'Sin Asignar', 0),
(4336, 1, 877, 'Sin Asignar', 0),
(4337, 2, 877, 'Sin Asignar', 0),
(4338, 3, 877, 'Sin Asignar', 0),
(4339, 4, 877, 'Sin Asignar', 0),
(4340, 5, 877, 'Sin Asignar', 0),
(4341, 1, 878, 'Sin Asignar', 0),
(4342, 2, 878, 'Sin Asignar', 0),
(4343, 3, 878, 'Sin Asignar', 0),
(4344, 4, 878, 'Sin Asignar', 0),
(4345, 5, 878, 'Sin Asignar', 0),
(4346, 1, 879, 'Sin Asignar', 0),
(4347, 2, 879, 'Sin Asignar', 0),
(4348, 3, 879, 'Sin Asignar', 0),
(4349, 4, 879, 'Sin Asignar', 0),
(4350, 5, 879, 'Sin Asignar', 0),
(4351, 1, 880, 'Sin Asignar', 0),
(4352, 2, 880, 'Sin Asignar', 0),
(4353, 3, 880, 'Sin Asignar', 0),
(4354, 4, 880, 'Sin Asignar', 0),
(4355, 5, 880, 'Sin Asignar', 0),
(4356, 1, 881, 'Sin Asignar', 0),
(4357, 2, 881, 'Sin Asignar', 0),
(4358, 3, 881, 'Sin Asignar', 0),
(4359, 4, 881, 'Sin Asignar', 0),
(4360, 5, 881, 'Sin Asignar', 0),
(4361, 1, 882, 'Sin Asignar', 0),
(4362, 2, 882, 'Sin Asignar', 0),
(4363, 3, 882, 'Sin Asignar', 0),
(4364, 4, 882, 'Sin Asignar', 0),
(4365, 5, 882, 'Sin Asignar', 0),
(4366, 1, 883, 'Sin Asignar', 0),
(4367, 2, 883, 'Sin Asignar', 0),
(4368, 3, 883, 'Sin Asignar', 0),
(4369, 4, 883, 'Sin Asignar', 0),
(4370, 5, 883, 'Sin Asignar', 0),
(4371, 1, 884, 'Sin Asignar', 0),
(4372, 2, 884, 'Sin Asignar', 0),
(4373, 3, 884, 'Sin Asignar', 0),
(4374, 4, 884, 'Sin Asignar', 0),
(4375, 5, 884, 'Sin Asignar', 0),
(4376, 1, 885, 'Sin Asignar', 0),
(4377, 2, 885, 'Sin Asignar', 0),
(4378, 3, 885, 'Sin Asignar', 0),
(4379, 4, 885, 'Sin Asignar', 0),
(4380, 5, 885, 'Sin Asignar', 0),
(4381, 1, 886, 'Sin Asignar', 0),
(4382, 2, 886, 'Sin Asignar', 0),
(4383, 3, 886, 'Sin Asignar', 0),
(4384, 4, 886, 'Sin Asignar', 0),
(4385, 5, 886, 'Sin Asignar', 0),
(4386, 1, 887, 'Sin Asignar', 0),
(4387, 2, 887, 'Sin Asignar', 0),
(4388, 3, 887, 'Sin Asignar', 0),
(4389, 4, 887, 'Sin Asignar', 0),
(4390, 5, 887, 'Sin Asignar', 0),
(4391, 1, 888, 'Sin Asignar', 0),
(4392, 2, 888, 'Sin Asignar', 0),
(4393, 3, 888, 'Sin Asignar', 0),
(4394, 4, 888, 'Sin Asignar', 0),
(4395, 5, 888, 'Sin Asignar', 0),
(4396, 1, 889, 'Sin Asignar', 0),
(4397, 2, 889, 'Sin Asignar', 0),
(4398, 3, 889, 'Sin Asignar', 0),
(4399, 4, 889, 'Sin Asignar', 0),
(4400, 5, 889, 'Sin Asignar', 0),
(4401, 1, 890, 'Sin Asignar', 0),
(4402, 2, 890, 'Sin Asignar', 0),
(4403, 3, 890, 'Sin Asignar', 0),
(4404, 4, 890, 'Sin Asignar', 0),
(4405, 5, 890, 'Sin Asignar', 0),
(4406, 1, 891, 'Sin Asignar', 0),
(4407, 2, 891, 'Sin Asignar', 0),
(4408, 3, 891, 'Sin Asignar', 0),
(4409, 4, 891, 'Sin Asignar', 0),
(4410, 5, 891, 'Sin Asignar', 0),
(4411, 1, 892, 'Sin Asignar', 0),
(4412, 2, 892, 'Sin Asignar', 0),
(4413, 3, 892, 'Sin Asignar', 0),
(4414, 4, 892, 'Sin Asignar', 0),
(4415, 5, 892, 'Sin Asignar', 0),
(4416, 1, 893, 'Sin Asignar', 0),
(4417, 2, 893, 'Sin Asignar', 0),
(4418, 3, 893, 'Sin Asignar', 0),
(4419, 4, 893, 'Sin Asignar', 0),
(4420, 5, 893, 'Sin Asignar', 0),
(4421, 1, 894, 'Sin Asignar', 0),
(4422, 2, 894, 'Sin Asignar', 0),
(4423, 3, 894, 'Sin Asignar', 0),
(4424, 4, 894, 'Sin Asignar', 0),
(4425, 5, 894, 'Sin Asignar', 0),
(4426, 1, 895, 'Sin Asignar', 0),
(4427, 2, 895, 'Sin Asignar', 0),
(4428, 3, 895, 'Sin Asignar', 0),
(4429, 4, 895, 'Sin Asignar', 0),
(4430, 5, 895, 'Sin Asignar', 0),
(4431, 1, 896, 'Sin Asignar', 0),
(4432, 2, 896, 'Sin Asignar', 0),
(4433, 3, 896, 'Sin Asignar', 0),
(4434, 4, 896, 'Sin Asignar', 0),
(4435, 5, 896, 'Sin Asignar', 0),
(4436, 1, 897, 'Sin Asignar', 0),
(4437, 2, 897, 'Sin Asignar', 0),
(4438, 3, 897, 'Sin Asignar', 0),
(4439, 4, 897, 'Sin Asignar', 0),
(4440, 5, 897, 'Sin Asignar', 0),
(4441, 1, 898, 'Sin Asignar', 0),
(4442, 2, 898, 'Sin Asignar', 0),
(4443, 3, 898, 'Sin Asignar', 0),
(4444, 4, 898, 'Sin Asignar', 0),
(4445, 5, 898, 'Sin Asignar', 0),
(4446, 1, 899, 'Sin Asignar', 0),
(4447, 2, 899, 'Sin Asignar', 0),
(4448, 3, 899, 'Sin Asignar', 0),
(4449, 4, 899, 'Sin Asignar', 0),
(4450, 5, 899, 'Sin Asignar', 0),
(4451, 1, 900, 'Sin Asignar', 0),
(4452, 2, 900, 'Sin Asignar', 0),
(4453, 3, 900, 'Sin Asignar', 0),
(4454, 4, 900, 'Sin Asignar', 0),
(4455, 5, 900, 'Sin Asignar', 0),
(4456, 1, 901, 'Sin Asignar', 0),
(4457, 2, 901, 'Sin Asignar', 0),
(4458, 3, 901, 'Sin Asignar', 0),
(4459, 4, 901, 'Sin Asignar', 0),
(4460, 5, 901, 'Sin Asignar', 0),
(4461, 1, 902, 'Sin Asignar', 0),
(4462, 2, 902, 'Sin Asignar', 0),
(4463, 3, 902, 'Sin Asignar', 0),
(4464, 4, 902, 'Sin Asignar', 0),
(4465, 5, 902, 'Sin Asignar', 0),
(4466, 1, 903, 'Sin Asignar', 0),
(4467, 2, 903, 'Sin Asignar', 0),
(4468, 3, 903, 'Sin Asignar', 0),
(4469, 4, 903, 'Sin Asignar', 0),
(4470, 5, 903, 'Sin Asignar', 0),
(4471, 1, 904, 'Sin Asignar', 0),
(4472, 2, 904, 'Sin Asignar', 0),
(4473, 3, 904, 'Sin Asignar', 0),
(4474, 4, 904, 'Sin Asignar', 0),
(4475, 5, 904, 'Sin Asignar', 0),
(4476, 1, 905, 'Sin Asignar', 0),
(4477, 2, 905, 'Sin Asignar', 0),
(4478, 3, 905, 'Sin Asignar', 0),
(4479, 4, 905, 'Sin Asignar', 0),
(4480, 5, 905, 'Sin Asignar', 0),
(4481, 1, 906, 'Sin Asignar', 0),
(4482, 2, 906, 'Sin Asignar', 0),
(4483, 3, 906, 'Sin Asignar', 0),
(4484, 4, 906, 'Sin Asignar', 0),
(4485, 5, 906, 'Sin Asignar', 0),
(4486, 1, 907, 'Sin Asignar', 0),
(4487, 2, 907, 'Sin Asignar', 0),
(4488, 3, 907, 'Sin Asignar', 0),
(4489, 4, 907, 'Sin Asignar', 0),
(4490, 5, 907, 'Sin Asignar', 0),
(4491, 1, 908, 'Sin Asignar', 0),
(4492, 2, 908, 'Sin Asignar', 0),
(4493, 3, 908, 'Sin Asignar', 0),
(4494, 4, 908, 'Sin Asignar', 0),
(4495, 5, 908, 'Sin Asignar', 0),
(4496, 1, 909, 'Sin Asignar', 0),
(4497, 2, 909, 'Sin Asignar', 0),
(4498, 3, 909, 'Sin Asignar', 0),
(4499, 4, 909, 'Sin Asignar', 0),
(4500, 5, 909, 'Sin Asignar', 0),
(4501, 1, 910, 'Sin Asignar', 0),
(4502, 2, 910, 'Sin Asignar', 0),
(4503, 3, 910, 'Sin Asignar', 0),
(4504, 4, 910, 'Sin Asignar', 0),
(4505, 5, 910, 'Sin Asignar', 0),
(4506, 1, 911, 'Sin Asignar', 0),
(4507, 2, 911, 'Sin Asignar', 0),
(4508, 3, 911, 'Sin Asignar', 0),
(4509, 4, 911, 'Sin Asignar', 0),
(4510, 5, 911, 'Sin Asignar', 0),
(4511, 1, 912, 'Sin Asignar', 0),
(4512, 2, 912, 'Sin Asignar', 0),
(4513, 3, 912, 'Sin Asignar', 0),
(4514, 4, 912, 'Sin Asignar', 0),
(4515, 5, 912, 'Sin Asignar', 0);

-- 
-- Restore previous SQL mode
-- 
/*!40101 SET SQL_MODE=@OLD_SQL_MODE */;

-- 
-- Enable foreign keys
-- 
/*!40014 SET FOREIGN_KEY_CHECKS=@OLD_FOREIGN_KEY_CHECKS */;